OrderId-ProductId,Date,Quantity,Location
1332-5,9/2/2023,3,2
1044-2,9/3/2023,17,2
1770-1,9/8/2023,14,2
1593-6,9/6/2023,7,2
28-4,9/10/2023,10,2
1254-2,9/8/2023,12,2
1618-5,9/7/2023,7,2
2015-5,9/14/2023,8,2
1017-,9/5/2023,2,2
1270-,9/3/2023,4,2
182-,9/3/2023,3,2
778-4,9/10/2023,8,2
2039-6,9/3/2023,11,2
974-7,9/12/2023,38,2
1038-4,9/14/2023,22,2
913-,9/4/2023,5,2
1660-1,9/6/2023,1,2
1306-5,9/6/2023,3,2
343-5,9/1/2023,1,2
55-5,9/13/2023,6,2
1228-,9/4/2023,4,2
732-,9/13/2023,4,2
448-5,9/13/2023,NA,2
617-,9/1/2023,2,2
2228-5,9/14/2023,6,2
1763-,9/2/2023,NA,2
1355-5,9/2/2023,3,2
1552-5,9/1/2023,1,2
834-5,9/7/2023,NA,2
901-6,9/11/2023,4,2
1855-7,9/1/2023,47,2
810-1,9/9/2023,20,2
1620-,9/8/2023,1,2
2100-5,9/8/2023,3,2
335-6,9/2/2023,8,2
2230-6,9/2/2023,3,2
1510-2,9/9/2023,17,2
1301-1,9/10/2023,13,2
1572-,9/13/2023,1,2
1674-1,9/10/2023,21,2
2005-,9/4/2023,7,2
1290-2,9/4/2023,27,2
1573-1,9/14/2023,8,2
1863-2,9/3/2023,16,2
1299-,9/7/2023,3,2
1842-7,9/11/2023,72,2
10-,9/10/2023,7,2
451-4,9/8/2023,11,2
1960-,9/2/2023,4,2
1424-5,9/13/2023,4,2
1451-2,9/4/2023,24,2
228-,9/12/2023,1,2
831-1,9/11/2023,16,2
125-2,9/13/2023,6,2
389-2,9/11/2023,25,2
1649-7,9/12/2023,35,2
2148-,9/4/2023,6,2
1416-1,9/7/2023,12,2
927-,9/12/2023,1,2
1248-6,9/13/2023,7,2
1998-2,9/5/2023,21,2
1628-1,9/14/2023,12,2
447-5,9/9/2023,10,2
477-,9/5/2023,NA,2
940-,9/3/2023,2,2
770-2,9/1/2023,13,2
800-,9/10/2023,6,2
822-7,9/1/2023,46,2
1226-6,9/7/2023,4,2
1413-5,9/10/2023,2,2
1532-5,9/14/2023,3,2
1423-2,9/8/2023,18,2
843-6,9/14/2023,10,2
51-5,9/11/2023,5,2
2204-6,9/7/2023,3,2
1531-6,9/12/2023,3,2
2147-6,9/12/2023,4,2
1117-5,9/6/2023,4,2
1357-,9/12/2023,4,2
1522-,9/6/2023,NA,2
724-6,9/11/2023,10,2
1003-6,9/11/2023,3,2
1189-4,9/14/2023,19,2
288-,9/4/2023,3,2
1491-2,9/7/2023,12,2
3-4,9/10/2023,13,2
2184-2,9/5/2023,18,2
1608-2,9/11/2023,23,2
1709-2,9/11/2023,25,2
2212-1,9/1/2023,13,2
1173-5,9/6/2023,6,2
361-1,9/4/2023,3,2
1181-1,9/8/2023,13,2
696-6,9/12/2023,1,2
827-2,9/9/2023,17,2
1393-5,9/6/2023,2,2
1740-2,9/3/2023,21,2
511-2,9/8/2023,18,2
982-4,9/3/2023,11,2
149-2,9/3/2023,18,2
1806-1,9/6/2023,3,2
170-5,9/6/2023,3,2
1947-4,9/9/2023,33,2
406-5,9/3/2023,11,2
1386-2,9/11/2023,23,2
236-,9/3/2023,1,2
1341-2,9/10/2023,15,2
1327-5,9/13/2023,6,2
1350-4,9/13/2023,6,2
1783-,9/9/2023,NA,2
1824-1,9/14/2023,16,2
1091-5,9/13/2023,2,2
2082-6,9/7/2023,3,2
308-,9/1/2023,NA,2
1930-,9/6/2023,2,2
1362-2,9/1/2023,15,2
928-6,9/14/2023,2,2
856-6,9/11/2023,8,2
1490-2,9/9/2023,17,2
256-6,9/6/2023,NA,2
173-6,9/13/2023,1,2
1265-2,9/5/2023,21,2
396-5,9/12/2023,4,2
536-7,9/9/2023,84,2
1477-,9/8/2023,1,2
172-6,9/6/2023,1,2
2141-6,9/12/2023,3,2
2024-,9/12/2023,4,2
1822-6,9/3/2023,8,2
226-7,9/2/2023,117,2
1244-2,9/3/2023,16,2
2183-2,9/1/2023,13,2
613-6,9/2/2023,7,2
1252-5,9/5/2023,11,2
418-2,9/8/2023,17,2
1988-2,9/9/2023,9,2
2037-4,9/10/2023,9,2
826-5,9/6/2023,2,2
1808-,9/12/2023,3,2
1981-6,9/14/2023,9,2
922-6,9/9/2023,6,2
1968-7,9/9/2023,90,2
640-4,9/12/2023,3,2
1142-2,9/11/2023,23,2
2070-4,9/13/2023,11,2
1107-,9/10/2023,3,2
1887-5,9/14/2023,4,2
2179-2,9/3/2023,22,2
1462-6,9/5/2023,16,2
1636-5,9/4/2023,18,2
1533-4,9/1/2023,10,2
1749-5,9/1/2023,7,2
1445-4,9/10/2023,12,2
1181-1,9/8/2023,15,2
1392-5,9/11/2023,10,2
525-2,9/9/2023,13,2
414-5,9/12/2023,5,2
1562-4,9/13/2023,12,2
1110-6,9/14/2023,2,2
984-2,9/10/2023,13,2
1035-2,9/7/2023,13,2
1473-,9/6/2023,6,2
260-,9/1/2023,1,2
838-4,9/8/2023,11,2
1001-1,9/11/2023,13,2
885-4,9/3/2023,18,2
667-5,9/2/2023,7,2
2178-1,9/11/2023,7,2
196-2,9/14/2023,11,2
1213-,9/9/2023,8,2
1673-1,9/5/2023,19,2
1619-4,9/13/2023,8,2
1101-5,9/7/2023,3,2
943-,9/1/2023,2,2
772-6,9/8/2023,4,2
253-6,9/2/2023,6,2
1985-2,9/8/2023,18,2
745-,9/10/2023,1,2
108-2,9/14/2023,13,2
1757-4,9/3/2023,13,2
1367-5,9/2/2023,12,2
1888-,9/9/2023,8,2
90-2,9/11/2023,26,2
934-6,9/10/2023,5,2
1833-4,9/13/2023,11,2
1469-2,9/10/2023,13,2
1776-2,9/12/2023,6,2
202-1,9/8/2023,8,2
1473-,9/6/2023,5,2
380-5,9/11/2023,3,2
1577-5,9/13/2023,2,2
799-6,9/10/2023,6,2
1814-7,9/11/2023,70,2
1258-5,9/11/2023,4,2
1166-,9/8/2023,3,2
1831-5,9/10/2023,1,2
244-5,9/14/2023,2,2
409-2,9/1/2023,8,2
1583-5,9/5/2023,7,2
289-2,9/6/2023,19,2
646-6,9/3/2023,3,2
386-2,9/7/2023,16,2
2044-6,9/6/2023,6,2
341-1,9/12/2023,13,2
327-,9/4/2023,2,2
2187-2,9/2/2023,29,2
282-5,9/3/2023,1,2
448-5,9/13/2023,NA,2
2026-5,9/12/2023,2,2
1985-2,9/8/2023,15,2
2231-6,9/12/2023,2,2
1959-2,9/10/2023,12,2
1171-5,9/1/2023,1,2
1413-5,9/10/2023,3,2
1578-5,9/13/2023,7,2
271-2,9/8/2023,13,2
1086-6,9/13/2023,3,2
706-4,9/11/2023,20,2
248-,9/5/2023,7,2
1249-5,9/6/2023,NA,2
2030-7,9/1/2023,43,2
81-2,9/4/2023,27,2
1011-4,9/7/2023,18,2
1936-1,9/12/2023,7,2
62-6,9/9/2023,6,2
1212-4,9/12/2023,11,2
93-1,9/11/2023,7,2
2205-,9/2/2023,1,2
2004-1,9/13/2023,12,2
2226-,9/2/2023,1,2
463-2,9/12/2023,13,2
686-5,9/2/2023,9,2
1943-,9/14/2023,5,2
568-2,9/1/2023,16,2
88-1,9/7/2023,16,2
1642-,9/12/2023,3,2
1661-5,9/4/2023,11,2
726-5,9/11/2023,2,2
1358-2,9/4/2023,27,2
921-,9/5/2023,2,2
2140-,9/5/2023,5,2
816-5,9/11/2023,1,2
664-5,9/9/2023,6,2
2104-5,9/3/2023,11,2
1545-6,9/8/2023,13,2
314-2,9/14/2023,12,2
562-6,9/2/2023,7,2
1799-5,9/11/2023,10,2
2205-,9/2/2023,7,2
1224-6,9/13/2023,6,2
896-6,9/2/2023,5,2
2085-6,9/9/2023,10,2
2156-5,9/3/2023,11,2
1976-4,9/14/2023,26,2
2168-5,9/5/2023,11,2
142-2,9/6/2023,15,2
1846-2,9/6/2023,13,2
1526-6,9/2/2023,7,2
942-2,9/9/2023,10,2
1730-6,9/9/2023,10,2
99-2,9/5/2023,26,2
1923-5,9/12/2023,4,2
679-5,9/8/2023,9,2
342-6,9/8/2023,3,2
1746-6,9/4/2023,8,2
1503-,9/10/2023,5,2
1630-5,9/4/2023,16,2
1955-7,9/10/2023,112,2
160-2,9/10/2023,13,2
1209-5,9/5/2023,8,2
391-5,9/10/2023,4,2
680-6,9/6/2023,1,2
1468-5,9/12/2023,7,2
737-1,9/5/2023,13,2
370-,9/13/2023,3,2
1826-5,9/3/2023,1,2
2213-6,9/13/2023,NA,2
1679-6,9/5/2023,12,2
1218-2,9/11/2023,19,2
629-2,9/2/2023,28,2
1097-6,9/8/2023,9,2
330-5,9/14/2023,2,2
1464-5,9/11/2023,11,2
1435-1,9/5/2023,10,2
1864-1,9/4/2023,12,2
168-2,9/7/2023,11,2
1524-5,9/9/2023,10,2
374-5,9/7/2023,4,2
768-2,9/1/2023,13,2
2058-4,9/1/2023,13,2
60-6,9/3/2023,8,2
1279-1,9/14/2023,12,2
1854-6,9/4/2023,4,2
837-1,9/7/2023,9,2
1185-,9/10/2023,7,2
2068-6,9/8/2023,5,2
1528-,9/9/2023,6,2
332-6,9/4/2023,6,2
743-,9/12/2023,4,2
1794-4,9/3/2023,13,2
569-2,9/6/2023,15,2
1436-,9/11/2023,1,2
2064-4,9/1/2023,8,2
564-6,9/11/2023,11,2
1036-4,9/6/2023,26,2
26-1,9/9/2023,19,2
1145-2,9/3/2023,19,2
543-6,9/6/2023,9,2
1129-5,9/2/2023,11,2
2148-,9/4/2023,7,2
1470-5,9/8/2023,2,2
262-6,9/3/2023,4,2
52-,9/13/2023,2,2
870-,9/1/2023,4,2
703-1,9/2/2023,11,2
482-2,9/14/2023,11,2
189-7,9/1/2023,40,2
1028-5,9/9/2023,3,2
1956-5,9/9/2023,3,2
1520-2,9/8/2023,11,2
1410-4,9/10/2023,10,2
1744-6,9/4/2023,9,2
539-,9/5/2023,4,2
231-6,9/11/2023,6,2
1359-5,9/5/2023,4,2
1679-6,9/5/2023,14,2
1541-4,9/10/2023,10,2
2127-4,9/5/2023,35,2
808-5,9/2/2023,2,2
1800-5,9/8/2023,5,2
2195-5,9/12/2023,4,2
1339-1,9/8/2023,10,2
166-6,9/7/2023,5,2
355-1,9/7/2023,10,2
751-1,9/9/2023,24,2
1704-6,9/7/2023,11,2
2009-5,9/8/2023,1,2
795-5,9/10/2023,10,2
174-1,9/4/2023,6,2
1270-,9/3/2023,5,2
381-,9/7/2023,6,2
1425-5,9/1/2023,3,2
1158-5,9/13/2023,4,2
423-5,9/7/2023,1,2
1500-,9/8/2023,NA,2
1151-6,9/3/2023,11,2
1554-2,9/10/2023,9,2
1273-5,9/14/2023,1,2
45-2,9/9/2023,14,2
1424-5,9/13/2023,1,2
1694-5,9/4/2023,15,2
878-6,9/14/2023,10,2
2161-4,9/7/2023,23,2
37-2,9/2/2023,25,2
1298-7,9/2/2023,113,2
2132-5,9/10/2023,8,2
509-,9/2/2023,7,2
1678-6,9/10/2023,12,2
132-,9/3/2023,1,2
1691-5,9/1/2023,7,2
1093-5,9/14/2023,NA,2
869-4,9/1/2023,12,2
285-1,9/5/2023,14,2
533-,9/12/2023,6,2
1241-4,9/7/2023,15,2
1099-5,9/5/2023,8,2
1444-5,9/8/2023,2,2
705-2,9/1/2023,16,2
1234-1,9/2/2023,13,2
975-1,9/3/2023,12,2
723-1,9/12/2023,15,2
85-,9/11/2023,4,2
1847-2,9/13/2023,6,2
873-2,9/10/2023,16,2
1344-4,9/2/2023,35,2
433-2,9/7/2023,20,2
1516-5,9/5/2023,7,2
366-4,9/13/2023,14,2
514-5,9/7/2023,2,2
390-5,9/10/2023,4,2
434-,9/7/2023,1,2
69-4,9/9/2023,34,2
587-,9/1/2023,NA,2
537-,9/14/2023,8,2
1859-2,9/4/2023,26,2
194-4,9/1/2023,15,2
973-5,9/12/2023,NA,2
1196-4,9/11/2023,13,2
153-1,9/13/2023,6,2
1792-5,9/10/2023,2,2
1390-5,9/6/2023,1,2
1140-2,9/13/2023,12,2
1314-2,9/5/2023,18,2
452-1,9/11/2023,14,2
910-2,9/9/2023,15,2
914-2,9/13/2023,8,2
767-,9/4/2023,2,2
1180-2,9/9/2023,8,2
1329-5,9/5/2023,8,2
1372-7,9/12/2023,34,2
1366-,9/9/2023,5,2
650-4,9/12/2023,8,2
1353-5,9/3/2023,6,2
608-5,9/10/2023,1,2
1835-,9/4/2023,2,2
1236-2,9/8/2023,17,2
1999-,9/5/2023,NA,2
404-6,9/7/2023,6,2
1488-2,9/14/2023,10,2
372-1,9/13/2023,3,2
232-,9/13/2023,4,2
1395-5,9/1/2023,6,2
1757-4,9/3/2023,15,2
866-,9/5/2023,4,2
1654-2,9/7/2023,18,2
1555-2,9/9/2023,7,2
310-2,9/10/2023,14,2
902-4,9/9/2023,26,2
191-2,9/10/2023,15,2
1782-1,9/1/2023,8,2
475-6,9/3/2023,8,2
1283-5,9/1/2023,7,2
151-5,9/5/2023,7,2
1993-6,9/4/2023,8,2
861-,9/2/2023,1,2
1178-2,9/2/2023,26,2
1235-2,9/14/2023,8,2
1384-6,9/2/2023,10,2
2221-5,9/1/2023,5,2
860-4,9/10/2023,12,2
1171-5,9/1/2023,NA,2
171-4,9/11/2023,19,2
1061-6,9/14/2023,3,2
1334-5,9/10/2023,2,2
1145-2,9/3/2023,16,2
592-6,9/5/2023,12,2
2076-6,9/7/2023,4,2
2043-,9/2/2023,NA,2
566-,9/3/2023,3,2
1951-5,9/3/2023,9,2
624-4,9/3/2023,8,2
712-7,9/10/2023,121,2
468-,9/10/2023,6,2
1043-,9/14/2023,6,2
1007-,9/10/2023,5,2
801-1,9/2/2023,9,2
1132-4,9/5/2023,42,2
2101-6,9/9/2023,9,2
1026-2,9/10/2023,11,2
556-4,9/10/2023,10,2
1878-6,9/11/2023,12,2
2014-5,9/8/2023,6,2
484-5,9/14/2023,5,2
103-4,9/3/2023,16,2
948-6,9/14/2023,7,2
1643-6,9/10/2023,5,2
521-5,9/3/2023,7,2
649-1,9/7/2023,10,2
1785-1,9/14/2023,16,2
353-7,9/11/2023,66,2
1397-1,9/13/2023,10,2
553-2,9/8/2023,16,2
1774-,9/7/2023,5,2
727-6,9/12/2023,5,2
1354-2,9/5/2023,20,2
298-2,9/10/2023,15,2
1414-6,9/12/2023,4,2
321-6,9/14/2023,4,2
1803-5,9/7/2023,NA,2
1963-6,9/14/2023,NA,2
1812-5,9/9/2023,7,2
744-4,9/8/2023,14,2
1767-2,9/3/2023,20,2
727-6,9/12/2023,3,2
540-2,9/4/2023,26,2
231-6,9/11/2023,13,2
382-5,9/9/2023,7,2
994-4,9/12/2023,8,2
558-6,9/11/2023,3,2
823-6,9/2/2023,4,2
1784-2,9/12/2023,15,2
2137-4,9/3/2023,14,2
583-,9/4/2023,8,2
1244-2,9/3/2023,17,2
1167-6,9/2/2023,10,2
1009-4,9/14/2023,22,2
547-,9/14/2023,6,2
1901-,9/8/2023,7,2
1345-7,9/9/2023,86,2
1089-2,9/9/2023,11,2
1005-6,9/13/2023,4,2
1706-6,9/4/2023,10,2
866-,9/5/2023,1,2
1487-2,9/7/2023,10,2
995-4,9/7/2023,16,2
499-6,9/9/2023,5,2
1102-2,9/4/2023,20,2
519-1,9/6/2023,7,2
1938-1,9/6/2023,1,2
945-2,9/7/2023,15,2
1312-1,9/6/2023,5,2
1280-,9/11/2023,2,2
2189-5,9/8/2023,4,2
65-6,9/9/2023,11,2
832-,9/11/2023,8,2
204-,9/9/2023,6,2
2010-4,9/7/2023,21,2
322-6,9/7/2023,4,2
1148-2,9/5/2023,21,2
604-6,9/7/2023,4,2
293-2,9/9/2023,10,2
1946-2,9/10/2023,17,2
2145-1,9/5/2023,14,2
805-,9/12/2023,4,2
370-,9/13/2023,1,2
464-6,9/14/2023,9,2
307-4,9/2/2023,27,2
1560-5,9/7/2023,1,2
420-7,9/6/2023,48,2
408-5,9/6/2023,1,2
1610-2,9/9/2023,9,2
1734-6,9/12/2023,6,2
1973-,9/7/2023,1,2
1796-2,9/12/2023,12,2
1736-5,9/10/2023,NA,2
2217-5,9/1/2023,3,2
454-,9/8/2023,2,2
1909-,9/5/2023,NA,2
2035-2,9/7/2023,15,2
1243-1,9/4/2023,11,2
740-,9/10/2023,6,2
855-2,9/14/2023,15,2
686-5,9/2/2023,10,2
115-5,9/4/2023,13,2
1893-4,9/8/2023,12,2
1747-7,9/10/2023,116,2
304-7,9/12/2023,31,2
1143-4,9/2/2023,25,2
1474-2,9/8/2023,12,2
1318-5,9/7/2023,3,2
552-6,9/2/2023,7,2
2116-1,9/13/2023,12,2
952-6,9/9/2023,2,2
1850-5,9/14/2023,3,2
493-4,9/8/2023,16,2
1428-6,9/12/2023,1,2
592-6,9/5/2023,7,2
467-,9/6/2023,2,2
59-5,9/6/2023,2,2
1264-,9/13/2023,2,2
1729-2,9/13/2023,12,2
1197-5,9/6/2023,3,2
574-6,9/3/2023,11,2
1624-2,9/2/2023,31,2
1590-1,9/7/2023,7,2
1852-5,9/10/2023,10,2
1556-6,9/1/2023,NA,2
1507-6,9/1/2023,NA,2
1052-2,9/7/2023,13,2
2192-,9/7/2023,8,2
2163-7,9/4/2023,354,2
710-4,9/13/2023,6,2
1974-5,9/10/2023,3,2
1652-,9/14/2023,8,2
885-4,9/3/2023,11,2
142-2,9/6/2023,17,2
1013-2,9/3/2023,15,2
1934-5,9/3/2023,1,2
2048-7,9/8/2023,170,2
1296-,9/4/2023,4,2
1622-5,9/9/2023,2,2
1597-6,9/13/2023,8,2
152-,9/2/2023,1,2
256-6,9/6/2023,4,2
983-,9/5/2023,3,2
7-6,9/4/2023,2,2
1549-1,9/10/2023,20,2
841-2,9/14/2023,8,2
224-1,9/4/2023,5,2
575-4,9/3/2023,17,2
848-2,9/6/2023,20,2
1567-5,9/8/2023,8,2
1906-,9/4/2023,2,2
2012-4,9/6/2023,24,2
823-6,9/2/2023,1,2
145-5,9/6/2023,1,2
1293-5,9/7/2023,7,2
319-2,9/3/2023,17,2
1657-5,9/11/2023,7,2
2232-2,9/13/2023,10,2
