Employee_Name|Location
Afton Call|1
Al Ramos|2
Alberta Gill|2
Allan Wood|1
Allen Price|1
Angel Watts|2
Antonio Torres|2
Barry Mckenzie|1
Beulah Gibbs|2
Brendan Curry|1
Brittany Carlson|2
Carlton Mcdonald|2
Cary Foster|2
Cassandra Poole|2
Cesar Greene|2
Cindy Lunt|1
Claire Edwards|1
Clarence Padilla|1
Clark Morgan|2
Conrad Walker|2
Cornelius Gibson|1
Dale Hamilton|1
Darryl Burgess|1
Deborah Bennett|1
Delia Lopez|2
Don Young|2
Earnest Drake|1
Ed Craig|1
Elisa Warren|2
Ellen Estrada|2
Emma Goodwin|1
Ernesto Todd|2
Fannie Parks|2
Floyd Hunter|2
Frank Diaz|1
Frankie Mcdaniel|1
Geneva Moody|1
Grant Daniel|1
Gwendolyn Alvarado|2
Hector Wright|1
Helen Paul|1
Jesus Peterson|2
Jo Manning|2
Jodi Powers|2
Joe Perry|2
Joyce Ferguson|1
Katie Hodges|1
Kelly Murray|2
Kenny Robertson|1
Kirk Byrd|2
Leonard Wong|2
Leslie Dean|1
Levi Christensen|2
Lillian Jefferson|2
Lois Moran|2
Lyle Grant|2
Lynette Alvarez|1
Lynn Perkins|1
Lynne Soto|2
Mamie Day|2
Marc Wallace|1
Marcia Neal|2
Marguerite Thornton|1
Marianne Baldwin|1
Marie Hudson|1
Marion Scott|2
Mark Sharp|2
Marty Barnes|2
Mary Waters|2
Maryann Cohen|1
Maxine Tyler|1
Melanie Green|2
Melvin Strickland|2
Michele Lee|1
Mike Briggs|2
Mona Howard|2
Morris Glover|1
Myra Vega|1
Nettie Stevens|2
Nichole Fox|2
Norman Ruiz|1
Preston Robinson|2
Ramona Myers|2
Raquel Singleton|1
Renee Armstrong|1
Richard Wood|1
Roberto Ortega|1
Rosemarie Pena|2
Sally Bailey|2
Samuel Harper|1
Shelia Keller|2
Sheryl Hill|1
Shirley Parker|1
Sidney Hansen|1
Stanley Peterson|1
Sue Riley|2
Tami Luna|1
Tammy Wilkins|1
Terry Moreno|2
Tommy Graves|1
William Casey|1
Yvette Miller|2
