Project|Employee_ID|Employee_Number|Employee_Name|Hours|OT_Hours|Gross_Wages|SocSec_Medicare|FUTA|SUTA|Work_Comp
15001|W05781|44|Dale Hamilton|40|0|3850|294.53|23.1|92.4|4.81
15002|U05779|45|Ernesto Todd|40|0|4225.64|309.84|24.3|97.21|5.28
15005|I07737|422|Afton Call|1|0|3|0.24|0.01|0.08|0.05
15005|S05921|269|Jo Manning|1|0|9|0.61|0.04|0.2|0.14
15005|Z06120|357|Jesus Peterson|1|0|12|0.81|0.07|0.24|0.21
15005|U05971|314|Marianne Baldwin|1|0|3|0.23|0.03|0.06|0.07
15005|S06809|400|Roberto Ortega|1|0|15|0.93|0.08|0.3|0.05
15005|V07604|415|Floyd Hunter|1|0|15|1|0.08|0.32|0.26
15005|V05780|34|Sheryl Hill|1|0|15|1.05|0.09|0.33|0.24
15005|R07120|281|Marcia Neal|1|0|6|0.42|0.03|0.13|0.1
15005|L05892|179|Cassandra Poole|1|0|9|0.66|0.06|0.21|0.14
15005||||1|0|12|0.92|0.08|0.27|0.19
15005|E05885|192|Mike Briggs|1|0|9|0.61|0.05|0.27|0.08
15005|F05886|195|Al Ramos|1|0|15|1.07|0.09|0.34|0.02
15005|D06172|199|Nettie Stevens|1|0|12|0.81|0.05|0.27|0.22
15005|U05923|274|Angel Watts|1|0|15|1.14|0.09|0.36|0.24
15005|L05796|27|Cindy Lunt|1|0|6|0.42|0.05|0.12|0.1
15005|I05889|201|Michele Lee|1|0|9|0.69|0.05|0.22|0.15
15005|J05890|203|Helen Paul|1|0|21|1.51|0.14|0.46|0.06
15005|L05916|259|Beulah Gibbs|1|0|9|0.68|0.06|0.21|0.14
15005|L05988|320|Terry Moreno|1|0|3|0.23|0.01|0.06|0.05
15005|X06718|396|Darryl Burgess|1|0|9|0.67|0.06|0.26|0.38
15005|R05896|210|Kenny Robertson|1|0|6|0.4|0.02|0.25|0.14
15005|B07466|411|Claire Edwards|1|0|9|0.69|0.05|0.22|0.14
15005|C06915|402|Gwendolyn Alvarado|1|0|9|0.61|0.05|0.27|0.38
15005|Y05879|153|Lynne Soto|1|0|9|0.68|0.05|0.21|0.17
15005|S05897|180|Elisa Warren|1|0|9|0.56|0.05|0.18|0.15
15005|S06065|343|Tommy Graves|1|0|9|0.6|0.05|0.18|0.14
15005|J06178|375|Fannie Parks|1|0|9|0.68|0.06|0.21|0.14
15005|M06109|38|Conrad Walker|1|0|15|1.12|0.08|0.34|0.05
15005|M05893|169|Cornelius Gibson|1|0|9|0.63|0.09|0.2|0.17
15005|G05887|168|Brittany Carlson|1|0|15|1.11|0.09|0.36|0.25
15005|U06739|399|Yvette Miller|1|0|15|1.15|0.09|0.37|0.04
15005|U06331|381|Frankie Mcdaniel|1|0|15|0.97|0.07|0.3|0.04
15005|N07478|414|Rosemarie Pena|1|0|6|0.4|0.03|0.13|0.1
15H001|Z06168|374|Melvin Strickland|4|0|84|5.4|0.42|2.48|0.32
15H001|G05911|248|Jodi Powers|12|0|246|16.66|1.31|5.23|0.31
15H001|S06161|1|Antonio Torres|12.5|0|383.13|25.37|1.99|7.96|0.48
15H001|Y06119|358|Marc Wallace|24|0|378|22.52|1.76|7.06|0.48
15H001|V07604|415|Floyd Hunter|2|0|57.69|3.87|0.3|1.22|0.95
15H001|D06172|199|Nettie Stevens|1|0|35.7|2.5|0.2|0.79|0.57
15H001|J05890|203|Helen Paul|8|0|518.49|37.41|2.93|11.74|0.64
15H001|G05935|287|Levi Christensen|8|0|114|8.24|0.65|5.17|0.28
15H001|T07458|412|Norman Ruiz|9|0|175.5|13.42|1.05|4.21|2.91
15H001|X06430|18|Marty Barnes|10.75|0|215|16.45|1.29|5.16|0.28
15H001|E05909|239|Clarence Padilla|6|0|141|10.79|0.85|3.38|0.18
15H001|K07211|406|Grant Daniel|6|0|317.31|21.84|1.71|6.85|0.39
15H001|C05787|3|Melanie Green|16|0|1230.8|93.09|7.3|29.2|1.54
15H001|S05897|180|Elisa Warren|1.5|0|34.88|2.21|0.17|0.69|0.58
15H001|H07736|421|Emma Goodwin|33|0|462|34.34|1.01|10.77|7.62
15H001|K05795|25|Tami Luna|10.5|0|259.77|17.61|1.38|5.52|0.32
15H001B|T07002|7|Shelia Keller|4|0|130.77|9.78|0.77|6.14|0.58
15H001B|G05935|287|Levi Christensen|4|0|57|4.12|0.32|2.59|0.14
15H001B|R05896|210|Kenny Robertson|2|0|47.56|3.33|0.26|2.09|1.06
15H001R|Z06168|374|Melvin Strickland|15|0|315|20.27|1.59|9.29|1.19
15H001R|X06718|396|Darryl Burgess|1|0|33.5|2.57|0.2|0.99|1.44
15H002|S06809|400|Roberto Ortega|18|0|372.12|23.59|1.85|7.4|0.99
15H002|E05789|35|Leonard Wong|8|0|230.77|19.06|1.5|5.98|0.61
15H002|R07624|417|William Casey|12|0|211.2|15.12|1.19|4.74|0.26
15H002|F05886|195|Al Ramos|24|0|694.29|49.35|3.87|15.48|1.84
15H002|D06172|199|Nettie Stevens|1|0|35.7|2.5|0.2|0.79|0.57
15H002|K07211|406|Grant Daniel|4.5|0|237.98|16.38|1.28|5.14|0.3
15H002|U05851|106|Allan Wood|6.5|0|273.93|19.7|1.54|6.18|0.35
15H002|M06109|38|Conrad Walker|4|0|1872.59|143.05|7.21|44.88|4.96
15H002B|T07002|7|Shelia Keller|6|0|196.15|14.67|1.15|9.21|0.86
15H002R|E05885|192|Mike Briggs|32|0|769.23|51.92|4.07|22.69|7.42
15H003|V05780|34|Sheryl Hill|2|0|111.01|7.88|0.62|2.47|1.83
15H004|L05892|179|Cassandra Poole|15|0|681.75|48.6|3.81|15.25|11.28
15H004|K07211|406|Grant Daniel|0.5|0|26.44|1.82|0.14|0.57|0.04
15H004|M05893|169|Cornelius Gibson|2|0|65.5|4.84|0.38|1.52|1.08
15H004R|X06718|396|Darryl Burgess|3|0|100.5|7.69|0.6|2.97|4.3
15H005|V07604|415|Floyd Hunter|12|0|346.16|23.26|1.82|7.3|5.73
15H005|G05791|39|Marie Hudson|30|0|217.5|2.95|0.23|0.92|3.6
15H006|Z06168|374|Melvin Strickland|12.5|0|262.5|16.89|1.33|7.74|0.99
15H006|V07604|415|Floyd Hunter|9|0|259.62|17.45|1.37|5.47|4.29
15H006|E05813|99|Sue Riley|16|0|360|26.65|2.09|8.36|5.95
15H006|D06172|199|Nettie Stevens|11|0|392.7|27.54|2.16|8.64|6.24
15H006|J05890|203|Helen Paul|8|0|518.49|37.41|2.93|11.74|0.64
15H006|K07211|406|Grant Daniel|13|0|687.5|47.32|3.71|14.85|0.86
15H006|S06065|343|Tommy Graves|1|0|23|1.53|0.12|0.48|0.38
15H006B|G05935|287|Levi Christensen|4|0|57|4.12|0.32|2.59|0.14
15H006R|Z06168|374|Melvin Strickland|0.5|0|10.5|0.68|0.05|0.31|0.04
15H008|V07604|415|Floyd Hunter|9|0|259.62|17.45|1.37|5.47|4.29
15H008|D06172|199|Nettie Stevens|0.5|0|17.85|1.25|0.1|0.39|0.28
15H008|S06065|343|Tommy Graves|0.5|0|11.5|0.76|0.06|0.24|0.19
15H009|P07287|407|Maxine Tyler|8|0|136|10.42|0.81|3.27|2.25
15H009|N05798|53|Delia Lopez|14|0|350|24.32|1.91|7.63|5.79
15H009|P05919|260|Nichole Fox|8|0|198|14.09|1.11|4.42|3.27
15H009|S06185|376|Katie Hodges|8|0|149.6|10.8|0.85|3.39|2.48
15H009|E05861|117|Richard Wood|16|0|420|28.77|2.26|9.02|6.95
15H009|S06809|400|Roberto Ortega|1|0|20.67|1.31|0.1|0.41|0.05
15H009|J05914|255|Lois Moran|12|0|216|16.04|1.26|5.03|3.57
15H009|E05789|35|Leonard Wong|8|0|230.77|19.08|1.49|5.99|0.61
15H009|H05792|13|Mamie Day|8|0|372.31|28.49|2.24|8.93|6.17
15H009|L05892|179|Cassandra Poole|15|0|681.75|48.6|3.81|15.25|11.28
15H009|P05895|181|Ramona Myers|16|0|468.38|35.83|2.81|11.24|7.75
15H009|V05852|133|Geneva Moody|32|0|952|68.85|5.4|21.6|15.75
15H009|N05894|194|Hector Wright|24|0|540|33.01|2.59|10.35|8.93
15H009|U05923|274|Angel Watts|32|0|832|63.65|4.99|19.97|13.77
15H009|I05889|201|Michele Lee|3|0|94.5|7.23|0.58|2.26|1.57
15H009|L05916|259|Beulah Gibbs|1.5|0|40.13|2.96|0.23|0.93|0.67
15H009|R07360|409|Sally Bailey|16|0|392|30|2.35|9.41|6.49
15H009|V05924|276|Morris Glover|32|0|760|54.95|4.31|17.24|12.57
15H009|H05888|204|Deborah Bennett|24|0|755.52|55.06|4.32|17.27|12.49
15H009|Z05784|30|Joe Perry|8|0|200.8|13.31|1.04|4.18|0.25
15H009|K07211|406|Grant Daniel|8|0|423.08|29.13|2.3|9.13|0.53
15H009|Y05783|11|Earnest Drake|8|0|303.85|22.66|1.77|7.11|5.02
15H009|C05787|3|Melanie Green|16|0|1230.8|93.1|7.3|29.21|1.54
15H009|S05945|304|Allen Price|8|0|184|13.4|1.05|4.2|3.03
15H009|X05926|37|Kirk Byrd|24|0|588|39.88|3.13|12.51|9.73
15H009|S05897|180|Elisa Warren|8|0|186|11.76|0.92|3.69|3.08
15H009|A07753|420|Lyle Grant|18.5|0|425.5|32.55|2.56|10.2|7.03
15H009|S06065|343|Tommy Graves|8.5|0|195.5|13|1.02|4.08|3.23
15H009|H07736|421|Emma Goodwin|3|0|42|2.98|0.23|0.94|0.7
15H009|I05793|23|Mary Waters|8|0|288.46|20.41|1.6|6.4|0.36
15H009|M05893|169|Cornelius Gibson|8|0|262|19.33|1.52|6.06|4.33
15H009|G05887|168|Brittany Carlson|24|0|900|66.6|5.22|20.89|14.89
15H009|B07634|416|Mark Sharp|2|0|34|2.33|0.18|0.73|0.57
15H009|R06016|336|Shirley Parker|24|0|588|44.99|3.53|14.11|9.73
15H009|A05785|22|Marion Scott|16|0|549.2|37.94|2.98|11.9|9.09
15H009B|R05896|210|Kenny Robertson|8|0|190.24|13.34|1.05|8.37|4.23
15H012|P07287|407|Maxine Tyler|16|0|272|20.8|1.63|6.53|4.5
15H012|N05798|53|Delia Lopez|18|0|450|31.28|2.45|9.81|7.45
15H012|P05919|260|Nichole Fox|24|0|594|42.29|3.32|13.27|9.82
15H012|S06185|376|Katie Hodges|24|0|448.8|32.41|2.54|10.16|7.42
15H012|M07117|404|Alberta Gill|24|0|542.31|40.76|3.19|12.79|8.96
15H012|G05911|248|Jodi Powers|4|0|82|5.55|0.44|1.74|0.11
15H012|S06161|1|Antonio Torres|4|0|122.6|8.12|0.64|2.55|0.15
15H012|Y06119|358|Marc Wallace|8|0|126|7.51|0.59|2.36|0.15
15H012|E05861|117|Richard Wood|16|0|420|28.76|2.25|9.03|6.96
15H012|U05971|314|Marianne Baldwin|24|0|522|39.94|3.13|12.53|8.63
15H012|S06809|400|Roberto Ortega|13|0|268.75|17.04|1.34|5.34|0.71
15H012|J05914|255|Lois Moran|20|0|360|26.74|2.1|8.39|5.96
15H012|E05789|35|Leonard Wong|16|0|461.54|38.14|2.99|11.96|1.22
15H012|R07624|417|William Casey|4|0|70.4|5.04|0.4|1.58|0.08
15H012|H05792|13|Mamie Day|24|0|1116.92|85.44|6.7|26.81|18.47
15H012|N05894|194|Hector Wright|8|0|180|10.99|0.86|3.45|2.98
15H012|F05886|195|Al Ramos|8|0|231.43|16.45|1.29|5.16|0.62
15H012|I05889|201|Michele Lee|5|0|157.5|12.05|0.94|3.78|2.6
15H012|L05988|320|Terry Moreno|24|0|923.1|70.61|5.54|22.16|15.28
15H012|T07458|412|Norman Ruiz|8|0|156|11.93|0.94|3.74|2.58
15H012|R07360|409|Sally Bailey|16|0|392|29.98|2.35|9.41|6.49
15H012|H05888|204|Deborah Bennett|8|0|251.84|18.36|1.44|5.76|4.17
15H012|Z05784|30|Joe Perry|24|0|602.4|39.93|3.13|12.53|0.75
15H012|B07466|411|Claire Edwards|8|0|180|13.77|1.08|4.32|2.98
15H012|C06915|402|Gwendolyn Alvarado|8|0|160|11.13|0.87|4.72|6.84
15H012|Y05879|153|Lynne Soto|8|0|160|11.82|0.93|3.71|2.64
15H012|Y05783|11|Earnest Drake|24|0|911.54|67.97|5.33|21.32|15.08
15H012|S05945|304|Allen Price|24|0|552|40.17|3.15|12.61|9.13
15H012|X05926|37|Kirk Byrd|8|0|196|13.29|1.04|4.17|3.24
15H012|A07753|420|Lyle Grant|8|0|184|14.08|1.1|4.42|3.05
15H012|I05793|23|Mary Waters|24|0|865.38|61.21|4.8|19.21|1.08
15H012|G05887|168|Brittany Carlson|8|0|300|22.2|1.74|6.96|4.96
15H012|K05795|25|Tami Luna|7.5|0|185.55|12.57|0.99|3.95|0.24
15H012|N07478|414|Rosemarie Pena|16|0|328|21.42|1.68|6.72|5.43
15H012|R06016|336|Shirley Parker|8|0|196|14.99|1.18|4.7|3.24
15H012|A05785|22|Marion Scott|16|0|549.2|37.94|2.98|11.9|9.09
15H012B|T07002|7|Shelia Keller|13|0|425.01|31.8|2.49|19.94|1.88
15H012B|G05935|287|Levi Christensen|16|0|228|16.48|1.29|10.33|0.57
15H012B|R05896|210|Kenny Robertson|8|0|190.24|13.34|1.05|8.37|4.23
15H012B|N06398|391|Barry Mckenzie|32|0|824|56.42|4.42|35.39|18.32
15H012R|X06718|396|Darryl Burgess|8|0|268|20.51|1.61|7.91|11.46
15H012SG|S05921|269|Jo Manning|24|0|708|47.75|3.75|14.98|11.71
15S001|G05911|248|Jodi Powers|12|0|246|16.66|1.31|5.23|0.31
15S001|S06161|1|Antonio Torres|12.5|0|383.13|25.37|1.99|7.96|0.48
15S001|L05796|27|Cindy Lunt|0.5|0|15.25|1.04|0.08|0.33|0.25
15S001|J05890|203|Helen Paul|8|0|518.49|37.41|2.93|11.74|0.64
15S001|T07458|412|Norman Ruiz|9.5|0|185.25|14.16|1.11|4.44|3.07
15S001|X06430|18|Marty Barnes|10.75|0|215|16.45|1.29|5.16|0.26
15S001|E05909|239|Clarence Padilla|6|0|141|10.79|0.85|3.38|0.18
15S001|H07736|421|Emma Goodwin|33|0|462|34.34|1.01|10.77|7.61
15S001|K05795|25|Tami Luna|10.5|0|259.77|17.61|1.38|5.52|0.32
15S002|J06730|398|Mona Howard|2|0|30|2.15|0.17|0.68|0.5
15S002|J05794|20|Ed Craig|12|0|346.62|23.46|1.84|7.36|0.47
15S002|R07624|417|William Casey|12|0|211.2|15.12|1.19|4.74|0.26
15S002|L05796|27|Cindy Lunt|0.5|0|15.25|1.04|0.08|0.33|0.25
15S002|U05851|106|Allan Wood|6.5|0|273.93|19.7|1.55|6.19|0.34
15S002|M06109|38|Conrad Walker|4|0|1872.59|143.04|7.21|44.88|4.95
15S002|U06739|399|Yvette Miller|24|0|519.24|39.72|3.11|12.46|1.38
15S002|U06331|381|Frankie Mcdaniel|19|0|411.06|26.23|2.06|8.23|1.09
15S002|H05912|249|Cary Foster|24|0|980.77|69.79|5.47|21.9|16.23
15S004|L05796|27|Cindy Lunt|0.5|0|15.25|1.04|0.08|0.33|0.25
15S004|L05916|259|Beulah Gibbs|4|0|107|7.91|0.62|2.48|1.77
15S004|J06178|375|Fannie Parks|4.5|0|99|7.58|0.59|2.38|1.64
15S005||||3|0|69|5.28|0.41|1.66|1.14
15S006|Z06120|357|Jesus Peterson|3|0|75|4.94|0.39|1.55|1.24
15S006|R07120|281|Marcia Neal|2|2|130|9.29|0.73|2.92|2.1
15S006|E05813|99|Sue Riley|16|0|360|26.65|2.09|8.36|5.95
15S006|L05796|27|Cindy Lunt|2|0|61|4.16|0.33|1.31|1.01
15S006|X05782|19|Frank Diaz|2|0|54|3.97|0.31|1.25|0.89
15S006|J05890|203|Helen Paul|8|0|518.49|37.41|2.93|11.74|0.64
15S008|Z06120|357|Jesus Peterson|0.5|0|12.5|0.83|0.06|0.26|0.2
15S008||||0.5|0|11.5|0.88|0.07|0.28|0.19
15S008|L05916|259|Beulah Gibbs|0.5|0|13.38|0.99|0.08|0.31|0.22
15S009|I07737|422|Afton Call|14|0|196|14.99|1.18|4.7|3.24
15S009|F06150|368|Cesar Greene|16|0|392|24.66|1.94|7.74|6.49
15S009|R07120|281|Marcia Neal|16|0|416|29.72|2.33|9.33|6.72
15S009|L05796|27|Cindy Lunt|4|0|122|8.32|0.65|2.61|2.01
15S009|E06077|352|Myra Vega|8|0|152|7.02|0.55|2.2|2.51
15S009|T06330|380|Preston Robinson|19|0|399|25.87|2.03|8.12|6.6
15S009|H07736|421|Emma Goodwin|3|0|42|2.98|0.23|0.94|0.7
15S009|J06178|375|Fannie Parks|7|0|154|11.78|0.92|3.7|2.55
15S009|M06109|38|Conrad Walker|26|0|1062.45|79.45|6.23|24.93|2.81
15S009|U06331|381|Frankie Mcdaniel|13|0|281.25|17.95|1.41|5.63|0.75
15S011|J05794|20|Ed Craig|20|0|577.7|39.1|3.06|12.26|0.77
15S012|J06730|398|Mona Howard|8|0|120|8.61|0.67|2.7|1.98
15S012|G05911|248|Jodi Powers|4|0|82|5.57|0.42|1.74|0.07
15S012|F06150|368|Cesar Greene|8|0|196|12.32|0.96|3.86|3.24
15S012|R07624|417|William Casey|4|0|70.4|5.04|0.4|1.58|0.08
15S012|L05796|27|Cindy Lunt|24|0|732|49.92|3.91|15.66|12.12
15S012|X05782|19|Frank Diaz|3|0|81|5.96|0.47|1.87|1.34
15S012|L05916|259|Beulah Gibbs|14.5|0|387.88|28.65|2.25|8.99|6.42
15S012|T06330|380|Preston Robinson|13|0|273|17.7|1.39|5.55|4.52
15S012|U06739|399|Yvette Miller|8|0|173.08|13.24|1.04|4.15|0.46
15S012|K05795|25|Tami Luna|3.5|0|86.59|5.87|0.45|1.85|0.12
15S012|H05912|249|Cary Foster|8|0|326.92|23.27|1.83|7.29|5.41
16001|C05787|3|Melanie Green|32|0|2461.6|186.2|0|0|3.56
16001|W05781|44|Dale Hamilton|960|0|92400|7068.6|18.9|680.4|128.19
16002|U05971|314|Marianne Baldwin|1|0|12|0.92|0.08|0.29|0.2
16002|U05779|45|Ernesto Todd|960|0|101415.36|7463.04|17.7|675.62|140.66
16005||||0|0|0|0|0|0|0
16005|P07287|407|Maxine Tyler|1|0|15|1.15|0|0.36|0.24
16005|N05798|53|Delia Lopez|15|0|225|15.83|0.49|4.99|3.71
16005|P05919|260|Nichole Fox|23|0|342|24.62|0.5|7.8|5.69
16005|I07737|422|Afton Call|6|0|78|5.96|0.37|1.87|1.26
16005|S06185|376|Katie Hodges|23|0|327|23.85|0.69|7.44|5.3
16005|J06730|398|Mona Howard|20|0|279|20.15|0.81|6.24|4.54
16005|S05921|269|Jo Manning|22|0|330|23.25|0.31|6.1|4.75
16005|Z06120|357|Jesus Peterson|24|0|339|22.95|0.39|7.27|5.41
16005||||1|0|15|1.13|0|0.36|0.25
16005|U05971|314|Marianne Baldwin|23|0|288|21.94|0.5|6.94|4.77
16005|S06809|400|Roberto Ortega|2|0|30|1.91|0.15|0.6|0.08
16005|F06150|368|Cesar Greene|24|0|339|22.66|0.54|7.05|5.52
16005|V07604|415|Floyd Hunter|8|0|120|8.92|0.48|2.79|2
16005|V05780|34|Sheryl Hill|24|0|360|25.89|0.2|4|5.98
16005|R07120|281|Marcia Neal|24|0|348|25.27|0.45|7.86|5.47
16005||||1|0|15|1.15|0.09|0.36|0.24
16005|T06066|345|Sidney Hansen|8|0|120|9.15|0|2.9|1.92
16005||||1|0|15|1.15|0.08|0.36|0.23
16005|L05892|179|Cassandra Poole|24|0|324|23.35|0.23|5.33|5.37
16005||||21|0|300|19.8|0.59|6.26|4.99
16005|K07451|413|Lynette Alvarez|6|0|90|6.68|0.51|2.08|1.49
16005|E05885|192|Mike Briggs|22|0|312|21.24|0.08|7.02|3.2
16005|V05852|133|Geneva Moody|23|0|333|24.34|0.32|7.19|5.21
16005|F05886|195|Al Ramos|23|0|345|24.76|0.22|4.81|0.94
16005|D06172|199|Nettie Stevens|24|0|333|23.6|0.24|4.8|4.99
16005|L05796|27|Cindy Lunt|23|0|315|21.95|0.35|6.5|4.64
16005|I05889|201|Michele Lee|23|0|324|24.86|0.4|7.73|5.3
16005|J05890|203|Helen Paul|24|0|492|35.68|0.23|5.76|0.62
16005|L05916|259|Beulah Gibbs|23|0|321|23.84|0.45|7.51|5.19
16005|L05988|320|Terry Moreno|24|0|327|25.01|0.17|4.56|5.57
16005|X06718|396|Darryl Burgess|24|0|345|26.36|0.37|8.16|16.33
16005|R07360|409|Sally Bailey|20|0|282|21.58|0.44|6.78|4.66
16005||||2|0|30|2.3|0.18|0.72|0.48
16005|R05896|210|Kenny Robertson|22|0|276|19.58|0.51|12.34|7.57
16005|V05924|276|Morris Glover|18|0|252|18.25|0.48|5.75|4.12
16005|H05888|204|Deborah Bennett|9|0|90|6.53|0.32|1.52|1.48
16005|B07466|411|Claire Edwards|23|0|339|25.92|0.52|8.11|5.24
16005|C06915|402|Gwendolyn Alvarado|22|0|330|23.22|0.67|9.71|15.67
16005|Y05879|153|Lynne Soto|22|0|303|22.44|0.53|7.07|4.84
16005|Y05783|11|Earnest Drake|24|0|329|24.34|0.28|6.63|4.91
16005|S05945|304|Allen Price|4|0|60|4.4|0|1.36|0.97
16005|U05851|106|Allan Wood|1|0|15|1.08|0.02|0.33|0.02
16005|X05926|37|Kirk Byrd|18|0|267|18.26|0.31|5.73|4.3
16005|S05897|180|Elisa Warren|24|0|339|22.56|0.42|7.12|5.57
16005|E06077|352|Myra Vega|21|0|318|21.52|0.52|6.71|4.9
16005|A07753|420|Lyle Grant|1|0|15|0.9|0.07|0.28|0.25
16005|T06330|380|Preston Robinson|24|0|336|22.17|0.64|6.93|5.58
16005|S06065|343|Tommy Graves|23|0|354|24.05|0.61|7.67|5.72
16005|J06178|375|Fannie Parks|22|0|309|23.55|0.51|7.44|5.11
16005|M06109|38|Conrad Walker|22|0|330|24.77|0.17|2.89|1.03
16005|M05893|169|Cornelius Gibson|23|0|333|24.66|0.46|7.35|5.52
16005|G05887|168|Brittany Carlson|17|0|255|18.92|0.33|6.02|4.19
16005||||8|0|120|9.16|0.36|2.86|0.19
16005|U06739|399|Yvette Miller|23|0|345|26.44|0.45|8.29|0.9
16005|U06331|381|Frankie Mcdaniel|24|0|360|23.43|0.38|7.02|0.98
16005|N06398|391|Barry Mckenzie|24|0|342|23.96|0.42|14.85|9.19
16005|B07634|416|Mark Sharp|1|0|15|1.03|0.08|0.32|0.25
16005|N07478|414|Rosemarie Pena|24|0|342|22.93|0.64|7.18|5.48
16005|R06016|336|Shirley Parker|24|0|354|27.12|0.51|8.53|5.66
16H001||||0|0|0|0|0|0|0
16H001|Z06168|374|Melvin Strickland|125.5|0|2635.5|172.44|4.42|77.8|10.05
16H001|K06371|386|Raquel Singleton|121.75|0|1704.5|130.36|10.14|40.89|28.1
16H001|T07002|7|Shelia Keller|15.5|0|511.71|34.61|0.19|21.72|2.4
16H001|G05911|248|Jodi Powers|429.25|0|8799.63|602.41|16.32|188.96|12.1
16H001|S06161|1|Antonio Torres|435|0|14920.67|1020.03|14.33|282.84|20.5
16H001|Y06119|358|Marc Wallace|887.4|0.5|14876.51|995.12|37.13|312.2|20.5
16H001|V07604|415|Floyd Hunter|16|0|461.54|35.29|1.74|11.09|7.62
16H001|V05780|34|Sheryl Hill|108|0|5310.11|373.93|0.73|43.88|86.61
16H001|D06172|199|Nettie Stevens|2|0|73.4|5.22|0|1.64|1.08
16H001|J05890|203|Helen Paul|222|0|14300.41|1037.38|6.13|171.11|19.8
16H001|L05988|320|Terry Moreno|9.5|0|365.39|27.95|0|4.61|6.01
16H001|G05935|287|Levi Christensen|431|3|6205.88|451.39|19.99|283.19|17.74
16H001|X06430|18|Marty Barnes|360.25|0|7205|513.4|19.1|161.04|10.09
16H001|Z05784|30|Joe Perry|15.5|0|389.05|25.81|0.51|8.07|0.57
16H001|E05909|239|Clarence Padilla|417.75|2.25|9896.47|757.1|18.73|237.53|13.72
16H001|K07211|406|Grant Daniel|170.25|0|8642.82|601.07|5.73|123.48|12.04
16H001||||149.25|0|2985|228.36|17.91|71.64|4.32
16H001||||15|0|187.5|14.35|1.13|4.5|0.28
16H001|C05787|3|Melanie Green|882|0|67723.3|5127.56|23.75|641.35|94.22
16H001|X05926|37|Kirk Byrd|5|0|122.5|8.33|0|2.61|2.01
16H001|S05897|180|Elisa Warren|15.5|0.5|402.2|26.12|0.1|8.2|6.48
16H001|A07753|420|Lyle Grant|1|0|24|1.67|0|0.52|0.4
16H001|S06065|343|Tommy Graves|27.5|0|559|38.68|0.97|12.13|9.12
16H001|H07736|421|Emma Goodwin|428|24.5|6650.9|477.56|19.19|149.81|106.45
16H001|K05795|25|Tami Luna|432|0|10385.78|775.27|16.13|243.25|14.39
16H001|A05785|22|Marion Scott|29|0|789.31|51.07|0|16.02|12.17
16H001B|T07002|7|Shelia Keller|421|0|13539.36|1014.87|16.39|636.74|66.8
16H001B|G05935|287|Levi Christensen|227.5|0|3241.92|235.46|8.42|147.72|9.41
16H001B|R05896|210|Kenny Robertson|82|0|1949.96|137.3|1.75|86.13|55.09
16H001B|N06398|391|Barry Mckenzie|160.5|15|4712.27|328.83|6.66|206.33|124.38
16H001R||||0|0|0|0|0|0|0
16H001R|Z06168|374|Melvin Strickland|355.5|0|7465.5|489.16|16.34|220.2|28.33
16H001R|X06718|396|Darryl Burgess|32.5|0|1088.75|83.37|1.03|21.67|52.02
16H001R|C06915|402|Gwendolyn Alvarado|4.5|0|90|6.24|0|2.65|4.48
16H001SG|C05787|3|Melanie Green|8|0|586.1|44.33|0|0|0.85
16H001SG|G05887|168|Brittany Carlson|10|0|375|27.94|0.45|8.76|6.18
16H002||||0|0|0|0|0|0|0
16H002|K06371|386|Raquel Singleton|20|0|280|21.44|1.68|6.72|4.64
16H002|S06161|1|Antonio Torres|1|0|2250|172.13|0|54|3.25
16H002|S06809|400|Roberto Ortega|118.5|0|2387.77|202.59|15.89|63.55|6.33
16H002|V05780|34|Sheryl Hill|11|0|519.74|36.92|0.53|9.18|8.58
16H002|E05789|35|Leonard Wong|897|0|25946.24|1826.02|12.74|122.28|70.94
16H002|R07624|417|William Casey|472.5|0|8316|598.52|18.72|187.74|11.58
16H002|H05792|13|Mamie Day|170|0|7898.85|604.27|7.27|119.88|130.14
16H002|L05892|179|Cassandra Poole|67.5|0|2970.13|212.86|4.68|47.11|48.98
16H002|F05886|195|Al Ramos|887|0|25559.09|1827.47|15.18|327.62|70.24
16H002|D06172|199|Nettie Stevens|11|2|509.8|36.16|0.48|5.35|7.94
16H002|L05988|320|Terry Moreno|205.5|0|7977.13|598.78|1.85|134.83|128.98
16H002|Z05784|30|Joe Perry|52.5|0|1317.75|88.94|1.92|27.87|1.85
16H002|K07211|406|Grant Daniel|158.75|0|8074.05|560.7|4.09|106.56|11.17
16H002|U05851|106|Allan Wood|460|0|10909.33|790.92|18.31|248.19|15.23
16H002|I05793|23|Mary Waters|146|0|5212.08|370.27|0.8|105.23|7.32
16H002|M06109|38|Conrad Walker|471|0|29001.33|2190.23|6.95|296.87|79.41
16H002|M05893|169|Cornelius Gibson|10|0|337.51|25.02|0|7.85|5.35
16H002|G05887|168|Brittany Carlson|8|0|300|22.2|0|0|4.94
16H002B||||0|0|0|0|0|0|0
16H002B|T07002|7|Shelia Keller|427.5|0|13752.52|1028.9|14.68|645.56|68.29
16H002B|E05885|192|Mike Briggs|101|0|2503.83|162.33|0|39.71|26.47
16H002B|R05896|210|Kenny Robertson|7|0|166.46|11.71|0|7.35|4.87
16H002B|N06398|391|Barry Mckenzie|14|0|360.5|25.22|1.56|15.84|8.11
16H002R||||0|0|0|0|0|0|0
16H002R|E05885|192|Mike Briggs|736|0|17692.35|1207.14|4.08|419.66|187.45
16H002R|X06718|396|Darryl Burgess|15.5|0|519.25|39.72|0|15.32|24.59
16H002R|C06915|402|Gwendolyn Alvarado|4|0|80|6.12|0.48|2.36|3.43
16H003||||0|0|0|0|0|0|0
16H003|K06371|386|Raquel Singleton|1.5|0|21|1.6|0.13|0.5|0.34
16H003|M07117|404|Alberta Gill|9.5|0|219.19|16.43|0.73|5.14|3.63
16H003|E05861|117|Richard Wood|5|0|131.26|9.09|0.43|2.84|2.17
16H003|V05780|34|Sheryl Hill|179|0|8492|604.71|6.11|101.23|139.99
16H003|H05792|13|Mamie Day|170|0|7869.27|601.99|2.39|86.21|129.66
16H003|P05895|181|Ramona Myers|5|0|148.4|11.34|0.52|3.55|2.46
16H003|D06172|199|Nettie Stevens|2|0|73.4|5.15|0|0|1.13
16H003|L05988|320|Terry Moreno|20|0|769.25|58.85|0|18.45|12.68
16H003|Z05784|30|Joe Perry|119|0|2986.9|201.96|5.3|63.38|4.2
16H003|K07211|406|Grant Daniel|67|0|3336.5|229.69|2.96|44.6|4.64
16H003|I05793|23|Mary Waters|9|0|1874.97|142.64|0|44.76|2.69
16H003||||56.5|0|1565.23|119.73|4.1|37.57|2.24
16H003||||47.75|0|5904.65|442.21|26.34|138.74|97.55
16H003|A05785|22|Marion Scott|25|0|811.8|56.54|1.2|17.73|13.38
16H004||||0|0|0|0|0|0|0
16H004|L05892|179|Cassandra Poole|294|0|12937.77|926.62|8.91|195.25|213.24
16H004|K07211|406|Grant Daniel|44.25|0|2248.99|157.24|1.57|41.23|3.15
16H004|Y05783|11|Earnest Drake|147|0|5545.48|413.6|6.06|112.11|91.51
16H004|M05893|169|Cornelius Gibson|80.5|0|2700.44|200.33|3.01|59.09|44
16H004B|R05896|210|Kenny Robertson|84.5|0|2009.41|142.97|5.18|89.72|51.66
16H004R||||0|0|0|0|0|0|0
16H004R|X06718|396|Darryl Burgess|109.5|2|3768.75|288.27|2.27|68.07|180.49
16H004R|C06915|402|Gwendolyn Alvarado|30|0|600|41.8|0|17.7|29.72
16H004SG|S05921|269|Jo Manning|104|49|5236.25|368.35|2.58|96.42|78.25
16H005||||0|0|0|0|0|0|0
16H005|N05798|53|Delia Lopez|5|0|125|8.7|0|2.73|2.05
16H005|P05919|260|Nichole Fox|3|0|74.25|5.29|0|1.66|1.22
16H005|S06185|376|Katie Hodges|2|0|37.4|2.75|0|0.87|0.54
16H005|U05971|314|Marianne Baldwin|4|0|87|6.65|0.52|2.09|1.44
16H005|V07604|415|Floyd Hunter|18|0|519.23|34.89|2.73|10.95|8.59
16H005|T06066|345|Sidney Hansen|2|0|46|3.52|0|1.1|0.67
16H005|R07360|409|Sally Bailey|2|0|49|3.75|0|1.18|0.81
16H005|B07466|411|Claire Edwards|1|0|22.5|1.72|0.08|0.54|0.37
16H005|K07211|406|Grant Daniel|3|0|158.65|10.92|0|0|0.23
16H005|Y05879|153|Lynne Soto|3|0|60|4.43|0|1.39|0.99
16H005|S05945|304|Allen Price|3|0|69|5.02|0|1.58|1.13
16H005|X05926|37|Kirk Byrd|1|0|24.5|1.67|0|0.52|0.4
16H005|S05897|180|Elisa Warren|0.5|0|12.38|0.81|0|0.25|0.2
16H005|G05791|39|Marie Hudson|720|0|5220|98.07|7.69|30.68|85.89
16H005|M05893|169|Cornelius Gibson|4.5|0|151.88|11.28|0|3.54|2.39
16H005|B07634|416|Mark Sharp|8|0|136|9.32|0.73|2.92|2.25
16H005|R06016|336|Shirley Parker|2|0|49|3.75|0|1.18|0.81
16H005SG|U05971|314|Marianne Baldwin|1|0|21.75|1.67|0.13|0.52|0.36
16H005SG|K07451|413|Lynette Alvarez|4|0|64|4.9|0.38|1.54|1.05
16H006||||0|0|0|0|0|0|0
16H006|Z06168|374|Melvin Strickland|354.5|0|7444.5|486.68|16.13|219.58|28.26
16H006|E05861|117|Richard Wood|186|0|2902.5|202.71|4.79|63.67|47.91
16H006|V07604|415|Floyd Hunter|205|0|5913.5|443.8|22.21|139.23|97.75
16H006|V05780|34|Sheryl Hill|4|0|201.45|14.31|0|0|3.31
16H006|E05813|99|Sue Riley|440|0|9900|735.1|18.36|230.61|163.1
16H006|D06172|199|Nettie Stevens|198|45|9681.63|686.61|8.03|147.09|147.36
16H006|J05890|203|Helen Paul|220|0|14170.78|1028.03|6.13|171.1|19.6
16H006|H05888|204|Deborah Bennett|1.5|0|47.22|3.45|0|1.08|0.77
16H006|K07211|406|Grant Daniel|540.25|0|27290.05|1895.14|15.17|404.24|37.68
16H006|S05897|180|Elisa Warren|38|16.5|1553.13|104.04|2.34|32.62|24.93
16H006|S06065|343|Tommy Graves|50|18|1664|113.88|3.14|35.74|26.95
16H006B|D06172|199|Nettie Stevens|10|3|521.65|37.14|0.4|11.66|7.67
16H006B|G05935|287|Levi Christensen|219.5|0|3127.92|227.22|7.77|142.55|9.06
16H006B|R05896|210|Kenny Robertson|10|9|558.83|39.92|2.74|25.06|12.09
16H006B|N06398|391|Barry Mckenzie|23.5|6|836.89|58.15|0.85|36.48|21.68
16H006R||||0|0|0|0|0|0|0
16H006R|Z06168|374|Melvin Strickland|20.5|0|430.5|28.25|0.66|12.71|1.63
16H006SG|U05971|314|Marianne Baldwin|3|0|65.25|5|0|1.57|1.07
16H007||||0|0|0|0|0|0|0
16H007|H05792|13|Mamie Day|319|0|20618.1|1563.9|13.87|350.12|337.21
16H007|L05988|320|Terry Moreno|8|0|307.7|23.54|0|7.38|5.09
16H007|E05909|239|Clarence Padilla|10.5|0|246.76|18.86|0.78|5.9|0.33
16H007||||2|0|40|3.06|0.24|0.96|0.05
16H007B|N06398|391|Barry Mckenzie|9|0|231.75|15.89|0|9.97|6.87
16H008||||0|0|0|0|0|0|0
16H008||||3|0|36|2.75|0.22|0.86|0.55
16H008|P07287|407|Maxine Tyler|6.5|0|115.5|8.82|0.27|2.77|1.87
16H008|V07340|408|Renee Armstrong|2.5|0|40|3.04|0.24|0.96|0.66
16H008|N05798|53|Delia Lopez|1|0|25|1.74|0.14|0.55|0.41
16H008|P05919|260|Nichole Fox|6|0|148.5|10.72|0.28|3.37|2.32
16H008|S06185|376|Katie Hodges|5|0|93.5|6.81|0.11|2.15|1.45
16H008|M07117|404|Alberta Gill|18.5|0|432.15|32.5|1.55|10.2|7.14
16H008||||9|0|108|8.27|0.28|2.6|1.72
16H008|E05861|117|Richard Wood|1.5|0|39.38|2.74|0|0.85|0.65
16H008|V07604|415|Floyd Hunter|32|0|923.09|68.46|3.43|21.48|15.27
16H008||||88|0|2115.39|161.82|12.69|50.78|34.83
16H008|T06066|345|Sidney Hansen|8.5|0|197|15.07|0.28|4.71|3.06
16H008||||1|0|24.25|1.85|0.15|0.58|0.37
16H008|L05892|179|Cassandra Poole|2.5|0|113.63|8.1|0|2.17|1.87
16H008|N05894|194|Hector Wright|2|0|45|2.75|0.22|0.86|0.75
16H008|D06172|199|Nettie Stevens|22|2|913|64.63|0.47|14.58|13.96
16H008|I05889|201|Michele Lee|6|0|189|14.46|0.38|4.53|3.06
16H008|L05988|320|Terry Moreno|31|0|1192.34|91.21|0|28.62|19.64
16H008|R07360|409|Sally Bailey|5|0|122.5|9.38|0.15|2.95|1.95
16H008||||8|0|96|7.34|0.32|2.31|1.55
16H008|V05924|276|Morris Glover|6|0|144.5|10.47|0.26|3.29|2.37
16H008|H05888|204|Deborah Bennett|2|0|62.96|4.58|0.36|1.43|1.02
16H008|Z05784|30|Joe Perry|1|0|25.1|1.67|0|0.52|0.04
16H008|B07466|411|Claire Edwards|8|0|185.5|14.19|0.34|4.46|2.81
16H008|E05909|239|Clarence Padilla|0.5|0|11.75|0.9|0|0.28|0.01
16H008|C06915|402|Gwendolyn Alvarado|4|0|80|6.12|0|2.36|3.83
16H008||||0.75|0|15|1.14|0.09|0.36|0.02
16H008|Y05879|153|Lynne Soto|8|0|160|11.79|0.28|3.71|2.64
16H008|Y05783|11|Earnest Drake|59|0|2183.01|162.82|0|51.09|36.02
16H008|S05945|304|Allen Price|7|0|164|11.98|0.26|3.76|2.65
16H008|X05926|37|Kirk Byrd|10|0|245|16.9|0.26|5.29|3.87
16H008|S05897|180|Elisa Warren|14|0|346.6|25.27|0.47|7.92|5.59
16H008|A07753|420|Lyle Grant|3|0|70|4.75|0.25|1.49|1.08
16H008|S06065|343|Tommy Graves|13|0|300|20.41|0.67|6.37|4.76
16H008|I05793|23|Mary Waters|2|0|72.12|5.52|0.43|1.73|0.09
16H008|M05893|169|Cornelius Gibson|6.5|0|218.38|16.19|0.19|3.51|3.5
16H008||||152|0|4175.52|319.44|21.59|100.21|6.03
16H008|B07634|416|Mark Sharp|3|0|51|3.49|0.27|1.1|0.85
16H008|N07478|414|Rosemarie Pena|8|0|164|11.07|0.21|3.47|2.54
16H008||||87.75|0|2953.12|223.55|12.92|70.13|48.83
16H008|R06016|336|Shirley Parker|2|0|49|3.75|0.29|1.18|0.81
16H008B|R05896|210|Kenny Robertson|43|0|1073.76|70.04|0|43.92|29.22
16H008B|N06398|391|Barry Mckenzie|74.5|0|1917.63|131.25|0|82.36|55.51
16H008R||||0|0|0|0|0|0|0
16H008R|X06718|396|Darryl Burgess|38|0|1364.5|94.83|7.44|36.56|53.02
16H008R||||232|0|3944|301.72|23.66|116.35|196.79
16H008R|C06915|402|Gwendolyn Alvarado|26.5|0|530|37.01|0|15.64|26.24
16H008SG|K07451|413|Lynette Alvarez|7|0|112|7.93|0.62|2.49|1.84
16H009||||0|0|0|0|0|0|0
16H009|P07287|407|Maxine Tyler|48.5|0|846|64.74|3.61|20.31|13.95
16H009|V07340|408|Renee Armstrong|27.5|0|440|33.66|2.64|10.56|7.28
16H009|N05798|53|Delia Lopez|72.5|0|1812.5|126.15|0|39.56|29.83
16H009|P05919|260|Nichole Fox|52|0|1287|91.73|0|28.77|21.18
16H009|S06185|376|Katie Hodges|86|0|1608.2|122.93|0|38.56|26.46
16H009|Z06168|374|Melvin Strickland|2|0|42|2.69|0|1.24|0.16
16H009|M07117|404|Alberta Gill|16|0|379.62|28.53|0|8.94|6.25
16H009|T07002|7|Shelia Keller|63|0|2059.62|154.09|1.72|96.67|9.99
16H009|G05911|248|Jodi Powers|46.75|0|958.38|65.7|2.51|20.6|1.35
16H009|S06161|1|Antonio Torres|23|0|704.95|51.42|2.76|16.14|0.92
16H009|Y06119|358|Marc Wallace|31.25|0|523.44|37.26|1.93|11.68|0.68
16H009||||24|0|288|22.04|0|6.91|4.74
16H009|E05861|117|Richard Wood|100|0|2625|186.75|1.43|58.59|43.21
16H009|U05971|314|Marianne Baldwin|30.5|0|663.38|50.75|0.72|15.92|10.93
16H009|S06809|400|Roberto Ortega|12.5|0|258.42|22.33|1.75|7.01|0.68
16H009|V07604|415|Floyd Hunter|15|0|432.69|29.07|1.74|9.12|7.16
16H009|J05794|20|Ed Craig|0.5|0|14.44|1.11|0|0.35|0.04
16H009|E05789|35|Leonard Wong|56|0|1615.39|113.68|0|5.1|4.5
16H009|H05792|13|Mamie Day|80|0|3723.08|284.81|0|8.94|61.29
16H009|T06066|345|Sidney Hansen|16|0|368|28.16|0|8.84|6.06
16H009|L05892|179|Cassandra Poole|90|0|4026.01|287.03|2.23|67.7|66.36
16H009|P05895|181|Ramona Myers|52|0|1575.01|120.47|0|37.81|25.92
16H009|N05894|194|Hector Wright|67|0|1507.5|109.42|1.83|34.33|24.82
16H009|F05886|195|Al Ramos|28|0|810.01|59.39|1.35|14.84|2.16
16H009|E05813|99|Sue Riley|32|0|720|53.29|0|16.74|11.85
16H009|D06172|199|Nettie Stevens|44|0|1614.8|112.34|0|32.03|26.53
16H009|I05889|201|Michele Lee|120|0|3780|289.15|0|77.23|61.8
16H009|J05890|203|Helen Paul|38|0|2434.04|175.63|1.23|11.75|3.45
16H009|L05988|320|Terry Moreno|72|0|2769.3|211.85|0|44.3|45.6
16H009|R07360|409|Sally Bailey|40|0|980|74.97|0|23.52|16.14
16H009||||20.5|0|246|18.82|0.76|5.91|4.07
16H009|V05924|276|Morris Glover|72|0|1718|125.93|0.63|39.52|28.3
16H009|H05888|204|Deborah Bennett|84|0|2644.32|191.53|1.16|48.21|43.56
16H009|X06430|18|Marty Barnes|10.25|0|205|14.06|0.13|4.41|0.3
16H009|Z05784|30|Joe Perry|129|0|3237.9|217.24|6.41|68.12|4.42
16H009|B07466|411|Claire Edwards|23|0|540.5|41.35|0|12.97|8.9
16H009|E05909|239|Clarence Padilla|77|0|1809.51|138.43|0.48|43.42|2.57
16H009|K07211|406|Grant Daniel|11.25|0|594.95|43.21|1.06|6.98|0.81
16H009|Y05879|153|Lynne Soto|55|0|1100|80.38|4.74|25.21|18.18
16H009|Y05783|11|Earnest Drake|70|0|2658.68|198.28|7.11|52.7|43.85
16H009|C05787|3|Melanie Green|32|0|2461.6|186.19|0|58.41|3.08
16H009|S05945|304|Allen Price|79|0|1817|132.74|1.05|41.64|29.93
16H009|U05851|106|Allan Wood|38|0|888.84|64.57|0.43|20.26|1.28
16H009|X05926|37|Kirk Byrd|61|0|1494.5|101.42|1.04|31.82|24.63
16H009|S05897|180|Elisa Warren|67|0|1658.26|85.34|1.4|26.78|27.05
16H009|S06065|343|Tommy Graves|48|0|1033.5|69.37|0.42|21.76|16.75
16H009|H07736|421|Emma Goodwin|25.5|0|357|24.77|0.24|7.76|5.88
16H009|I05793|23|Mary Waters|25|0|901.44|63.77|0|20.01|1.3
16H009|M06109|38|Conrad Walker|12|0|490.36|36.66|0|11.51|1.31
16H009|M05893|169|Cornelius Gibson|85|0|2860.75|211.15|0.75|66.27|47.09
16H009|G05887|168|Brittany Carlson|96|0|3600|267.1|1.8|48.97|59.28
16H009||||8|0|223.08|17.06|0|5.35|0.32
16H009|K05795|25|Tami Luna|51|0|1261.74|93.48|0.07|29.33|1.84
16H009|B07634|416|Mark Sharp|8|0|136|9.32|0.56|2.92|2.24
16H009|R06016|336|Shirley Parker|24|0|588|44.97|1.18|14.1|9.7
16H009|A05785|22|Marion Scott|61|0|2093.84|144.56|0.36|45.42|34.47
16H009B|T07002|7|Shelia Keller|8|0|261.53|19.57|1.16|12.28|1.2
16H009B|G05935|287|Levi Christensen|61|0|869.25|62.89|1.54|39.46|2.64
16H009B|R05896|210|Kenny Robertson|79|0|1878.62|132.87|0|83.36|55.67
16H009B|N06398|391|Barry Mckenzie|15|0|386.25|27.45|0|17.22|11.45
16H009R||||0|0|0|0|0|0|0
16H009R|Z06168|374|Melvin Strickland|94|0|1974|127.47|0.21|58.23|7.49
16H009R|E05885|192|Mike Briggs|72|0|1730.77|121.95|4.06|48.58|17.74
16H009R|X06718|396|Darryl Burgess|40|0|1340|102.52|0|14.91|66.86
16H009SG|S05921|269|Jo Manning|80|0|2360|159.03|0|49.9|38.84
16H009SG|U05971|314|Marianne Baldwin|14|0|304.5|23.29|0|7.31|5.01
16H010|P07287|407|Maxine Tyler|16|0|280|21.42|0.82|6.72|4.62
16H010|V07340|408|Renee Armstrong|8|0|120|9.18|0.72|2.88|1.98
16H010|N05798|53|Delia Lopez|8|0|200|13.89|1.09|4.36|3.31
16H010|P05919|260|Nichole Fox|16|0|396|28.39|1.1|8.91|6.51
16H010|S06185|376|Katie Hodges|16|0|299.2|21.61|0.85|6.78|4.94
16H010|M07117|404|Alberta Gill|16|0|370.58|27.85|1.07|8.74|6.13
16H010|J06730|398|Mona Howard|8|0|120|8.64|0|2.71|1.97
16H010|G05911|248|Jodi Powers|8|0|164|11.1|0.44|3.48|0.23
16H010|S06161|1|Antonio Torres|8|0|245.2|16.24|1.27|5.09|0.31
16H010|Y06119|358|Marc Wallace|16|0|260|16.43|0.59|5.15|0.36
16H010|S05921|269|Jo Manning|8|0|236|16.26|0|0|3.88
16H010||||16|0|192|14.68|0.57|4.62|3.15
16H010|E05861|117|Richard Wood|16|0|420|28.95|1.13|9.08|6.92
16H010|U05971|314|Marianne Baldwin|8|0|174|13.31|1.04|4.18|2.87
16H010|S06809|400|Roberto Ortega|8|0|165.39|10.49|0.82|3.29|0.43
16H010|V07604|415|Floyd Hunter|8|0|230.77|15.51|1.22|4.86|3.82
16H010|V05780|34|Sheryl Hill|16|0|909.26|64.59|2.47|9.9|15
16H010|J05914|255|Lois Moran|8|0|144|10.68|0.83|3.35|2.38
16H010|E05789|35|Leonard Wong|16|0|461.54|35.3|1.5|5.98|1.26
16H010|R07624|417|William Casey|8|0|140.8|10.07|0.4|3.16|0.18
16H010|H05792|13|Mamie Day|16|0|744.62|56.96|2.23|8.94|12.27
16H010|T06066|345|Sidney Hansen|16|0|368|28.16|1.1|8.84|6.08
16H010|L05892|179|Cassandra Poole|16|0|727.2|51.84|2.03|8.13|11.99
16H010|P05895|181|Ramona Myers|16|0|476.5|36.45|1.41|11.44|7.87
16H010|N05894|194|Hector Wright|8|0|180|10.99|0.86|3.45|2.98
16H010|F05886|195|Al Ramos|16|0|462.86|32.57|1.29|5.16|1.27
16H010|E05813|99|Sue Riley|8|0|180|13.35|0.53|4.2|2.99
16H010|D06172|199|Nettie Stevens|16|0|579.2|40.35|1.57|6.28|9.37
16H010|U05923|274|Angel Watts|8|0|208|15.92|1.25|4.99|3.44
16H010|I05889|201|Michele Lee|16|0|504|38.54|1.51|12.1|8.32
16H010|J05890|203|Helen Paul|4|0|259.25|18.71|0|0|0.37
16H010|L05988|320|Terry Moreno|8|0|307.7|23.54|1.85|7.39|5.09
16H010|T07458|412|Norman Ruiz|4|0|78|5.98|0.47|1.88|1.28
16H010|R07360|409|Sally Bailey|16|0|392|29.98|1.18|9.4|6.47
16H010||||16|0|192|14.68|0.58|4.6|3.17
16H010|V05924|276|Morris Glover|16|0|380|27.46|1.08|8.62|6.28
16H010|H05888|204|Deborah Bennett|16|0|503.68|36.57|1.44|9.94|8.31
16H010|X06430|18|Marty Barnes|4|0|80|5.48|0|1.72|0.12
16H010|Z05784|30|Joe Perry|16|0|401.6|26.63|1.05|8.35|0.54
16H010|B07466|411|Claire Edwards|16|0|368|28.16|1.08|8.83|6.08
16H010|E05909|239|Clarence Padilla|8|0|188|14.38|0.56|4.52|0.26
16H010|K07211|406|Grant Daniel|16|0|846.16|58.24|2.28|9.14|1.13
16H010|C06915|402|Gwendolyn Alvarado|8|0|160|11.13|0.87|4.72|6.84
16H010||||4|0|80|6.12|0.48|1.92|0.12
16H010|Y05879|153|Lynne Soto|16|0|320|23.67|0.93|7.43|5.27
16H010|Y05783|11|Earnest Drake|16|0|607.7|45.3|1.78|7.11|10.03
16H010|C05787|3|Melanie Green|16|0|1230.8|93.08|3.65|14.6|1.66
16H010|S05945|304|Allen Price|16|0|368|26.79|1.05|8.4|6.08
16H010|U05851|106|Allan Wood|4|0|168.57|12.12|0.95|3.8|0.21
16H010|X05926|37|Kirk Byrd|16|0|392|26.6|1.04|8.35|6.48
16H010|S05897|180|Elisa Warren|16|0|384|24.72|0.92|7.75|6.27
16H010|A07753|420|Lyle Grant|16|0|376|27.43|1.1|8.61|6.21
16H010|S06065|343|Tommy Graves|24|0|384|25.88|0.96|8.12|6.22
16H010|H07736|421|Emma Goodwin|8|0|116|8.26|0.31|2.6|1.92
16H010|I05793|23|Mary Waters|16|0|576.92|40.82|1.6|10.46|0.78
16H010|M06109|38|Conrad Walker|4|0|163.45|12.22|0|0|0.46
16H010|M05893|169|Cornelius Gibson|16|0|532|39.27|1.52|12.31|8.77
16H010|G05887|168|Brittany Carlson|16|0|600|44.39|1.74|6.96|9.88
16H010||||8|0|223.08|17.06|0|5.35|0.32
16H010|K05795|25|Tami Luna|8|0|197.92|14.14|0.53|4.43|0.26
16H010|B07634|416|Mark Sharp|8|0|136|9.3|0.73|2.92|2.24
16H010|N07478|414|Rosemarie Pena|16|0|328|21.39|0.84|6.71|5.41
16H010||||8|0|269.23|18.59|0|5.83|4.43
16H010|R06016|336|Shirley Parker|8|0|196|14.99|1.17|4.71|3.25
16H010|A05785|22|Marion Scott|16|0|536.12|37.03|1.48|11.62|8.84
16H010B|T07002|7|Shelia Keller|16|0|523.08|39.12|1.53|24.56|2.51
16H010B|G05935|287|Levi Christensen|16|0|228|16.47|0.65|10.34|0.64
16H010B|R05896|210|Kenny Robertson|16|0|380.48|26.68|1.05|16.74|9.87
16H010B|N06398|391|Barry Mckenzie|16|0|412|28.23|1.11|17.71|10.69
16H010R|Z06168|374|Melvin Strickland|16|0|336|21.6|0.85|9.92|1.29
16H010R|E05885|192|Mike Briggs|16|0|384.62|25.96|1.02|5.67|3.98
16H010R|X06718|396|Darryl Burgess|16|0|536|41.02|1.61|7.91|24.83
16H010R||||8|0|136|10.4|0.82|4.01|6.79
16H010R|C06915|402|Gwendolyn Alvarado|8|0|160|11.08|0|4.72|7.98
16H010SG|S05921|269|Jo Manning|8|0|236|15.92|1.25|4.99|3.91
16H011||||0|0|0|0|0|0|0
16H011|Y06119|358|Marc Wallace|24|0|402|26.81|0|8.41|0.58
16H011|I05889|201|Michele Lee|8|0|252|19.28|0|6.05|3.32
16H011|I05793|23|Mary Waters|8|0|288.46|20.38|1.6|6.41|0.3
16H011|N07478|414|Rosemarie Pena|8|0|164|10.88|0|3.42|2.7
16H012||||0|0|0|0|0|0|0
16H012|P07287|407|Maxine Tyler|10.5|0|189|14.46|0|4.54|3.11
16H012|N05798|53|Delia Lopez|8|0|200|13.92|0|4.37|3.29
16H012|S06185|376|Katie Hodges|16|0|299.2|23.53|0|7.38|4.92
16H012|J06730|398|Mona Howard|8|0|120|8.52|0|2.67|1.98
16H012|Y06119|358|Marc Wallace|5.5|0|92.13|6.15|0|1.93|0.12
16H012||||12|0|144|11.04|0|3.46|2.35
16H012|R07624|417|William Casey|3.5|0|61.6|4.41|0.35|1.38|0.07
16H012|T06066|345|Sidney Hansen|8|0|184|14.08|0|4.42|3.03
16H012|P05895|181|Ramona Myers|8|0|242.3|18.52|0|5.83|3.98
16H012|N05894|194|Hector Wright|8|0|180|13.77|0|4.32|2.97
16H012|E05813|99|Sue Riley|4|0|90|6.68|0|2.1|1.49
16H012|D06172|199|Nettie Stevens|8|0|293.6|20.53|0|6.44|4.86
16H012|R07360|409|Sally Bailey|16|0|392|29.98|0|9.41|6.46
16H012|V05924|276|Morris Glover|8|0|190|13.73|0|4.31|3.13
16H012|H05888|204|Deborah Bennett|8|0|251.84|18.25|0|0|4.14
16H012|X06430|18|Marty Barnes|8|0|160|11.6|0.48|3.64|0.22
16H012|B07466|411|Claire Edwards|16|0|376|28.77|0|9.02|6.2
16H012|C06915|402|Gwendolyn Alvarado|4|0|80|5.57|0.44|2.36|3.43
16H012|X05926|37|Kirk Byrd|8|0|196|13.31|0|4.18|3.23
16H012|S05897|180|Elisa Warren|8|0|198|12.77|1|4.01|3.2
16H012|A07753|420|Lyle Grant|8|0|192|13.6|0|4.26|3.16
16H012|S06065|343|Tommy Graves|16|0|368|24.6|0|7.72|5.99
16H012|H07736|421|Emma Goodwin|13|0|182|12.81|0.07|4.02|2.99
16H012|K05795|25|Tami Luna|6|0|146.61|11.01|0|3.45|0.21
16H012||||8|0|269.24|17.6|0|5.52|4.43
16H012|R06016|336|Shirley Parker|16|0|392|29.98|0|9.4|6.46
16H012B|R05896|210|Kenny Robertson|8|0|190.24|12.92|0|8.1|5.64
16H012R|E05885|192|Mike Briggs|8|0|192.31|12.97|1.02|5.67|1.86
16H012R|V05924|276|Morris Glover|8|0|190|13.75|1.08|4.31|3.15
16H012R|C06915|402|Gwendolyn Alvarado|8|0|160|11.13|0|4.72|7.98
16H012R|B07634|416|Mark Sharp|8|0|136|9.31|0.73|2.92|2.24
16S001||||0|0|0|0|0|0|0
16S001|I07737|422|Afton Call|10|0|140|10.71|0.84|3.36|2.27
16S001|J06730|398|Mona Howard|48|0|720|51.66|3.45|16.24|11.83
16S001|G05911|248|Jodi Powers|429.25|0|8799.63|602.23|16.29|188.96|12.01
16S001|S06161|1|Antonio Torres|416|0|14369.31|983.52|14.16|273.81|19.78
16S001|Z06120|357|Jesus Peterson|4|4.5|268.75|18.24|0|5.72|4.15
16S001|F06150|368|Cesar Greene|17.5|0|428.75|27.89|1.04|8.75|7.04
16S001|R07120|281|Marcia Neal|10|0.5|279.5|19.95|0.33|6.26|4.53
16S001||||12.5|0|287.5|18.72|0.38|5.87|4.72
16S001|L05796|27|Cindy Lunt|127|19.5|4765.64|333.75|4.57|98.57|74.26
16S001|X05782|19|Frank Diaz|4|0|108|8.1|0.32|2.55|1.78
16S001|J05890|203|Helen Paul|223|0|14363.64|1041.94|6.13|171.11|19.88
16S001|L05916|259|Beulah Gibbs|5|0|133.75|9.93|0|3.12|2.11
16S001|X06430|18|Marty Barnes|360.25|0|7205|513.21|19.1|161.04|9.92
16S001|E05909|239|Clarence Padilla|420.5|2|9952.29|761.31|18.7|238.88|13.73
16S001||||148.5|0|2970|227.21|17.82|71.28|4.26
16S001||||15|0|187.5|14.34|1.12|4.5|0.27
16S001|E06077|352|Myra Vega|10|0|190|12.71|1|3.99|2.93
16S001|T06330|380|Preston Robinson|20.5|0|430.5|28.9|0.98|9.06|7.04
16S001|H07736|421|Emma Goodwin|428|24.5|6650.9|477.54|19.15|149.82|106.45
16S001|J06178|375|Fannie Parks|22.5|0|536|41.02|0.4|12.88|6.15
16S001|K05795|25|Tami Luna|430.5|0|10350|772.49|16.05|242.29|14.27
16S001B|G05935|287|Levi Christensen|8|0|114|8.24|0.65|5.17|0.35
16S002||||0|0|0|0|0|0|0
16S002|S06161|1|Antonio Torres|1|0|2250|172.12|0|54|3.24
16S002|U05971|314|Marianne Baldwin|13|0|282.75|21.63|0|6.79|4.66
16S002|V05780|34|Sheryl Hill|40|0|1896.53|134.72|0.23|18.8|31.25
16S002|J05794|20|Ed Craig|911.5|0|25422.74|1741.09|5.68|359.85|70.06
16S002|R07624|417|William Casey|472.5|0|8316|598.31|18.64|187.74|11.42
16S002|L05892|179|Cassandra Poole|2|0|90.9|6.83|0|2.14|1.5
16S002|L05796|27|Cindy Lunt|108|30.5|4689.41|328.29|4.93|93.8|73.01
16S002|X05782|19|Frank Diaz|6|0|162|11.92|0.47|3.74|2.68
16S002|L05916|259|Beulah Gibbs|4|0|107|8.11|0.32|2.54|1.65
16S002|U05851|106|Allan Wood|420|0|9928.17|719.79|18.25|225.76|13.74
16S002|M06109|38|Conrad Walker|479|0|29575.85|2233.16|6.95|306.25|80.93
16S002|U06739|399|Yvette Miller|896|0|19384.75|1482.87|23.88|465.25|52.89
16S002|U06331|381|Frankie Mcdaniel|896|0|19363.1|1257.66|21.79|377.3|53.29
16S002|H05912|249|Cary Foster|732|0|29915.97|2134.45|25.08|576.33|491.1
16S002B|R05896|210|Kenny Robertson|7|0|166.46|11.67|0|7.32|4.93
16S002R|E05885|192|Mike Briggs|8|0|192.31|12.99|1.02|5.67|1.86
16S002SG|S05921|269|Jo Manning|7|3|339.25|23.84|0|5.57|5.12
16S003|Z05784|30|Joe Perry|1|0|25.1|1.67|0|0.52|0.04
16S004||||0|0|0|0|0|0|0
16S004|I07737|422|Afton Call|2.5|0|35|2.67|0|0.84|0.54
16S004|V05852|133|Geneva Moody|146|0|4343.51|318.05|4.02|93.87|67.84
16S004|L05796|27|Cindy Lunt|61.5|11.5|2401.89|168.43|1.88|48.38|37.44
16S004|L05916|259|Beulah Gibbs|224.5|0|6005.41|446.15|6.7|139.97|96.77
16S004|E06077|352|Myra Vega|1|0|19|1.28|0|0.4|0.28
16S004|J06178|375|Fannie Parks|130.5|0|3024|231.36|3.12|72.57|49.57
16S004|H05912|249|Cary Foster|32|0|1307.72|93.23|1.53|27.41|21.57
16S005|I07737|422|Afton Call|6.5|0|91|6.97|0.3|2.18|1.44
16S005|J06730|398|Mona Howard|2|0|30|2.15|0.17|0.67|0.5
16S005|U05971|314|Marianne Baldwin|8|0|174|13.31|1.04|4.18|2.88
16S005|F06150|368|Cesar Greene|39|0|955.5|64.71|0.57|20.32|15.62
16S005||||23|0|529|31.64|0.15|9.93|8.55
16S005|L05916|259|Beulah Gibbs|1|0|6|0.44|0|0.14|0.1
16S005|E06077|352|Myra Vega|5.5|0|104.5|7.13|0|2.24|1.54
16S005SG|K07451|413|Lynette Alvarez|6.5|0|104|7.59|0.6|2.39|1.71
16S006||||0|0|0|0|0|0|0
16S006|J06730|398|Mona Howard|4|1.5|93.75|6.82|0.53|2.15|1.55
16S006|Z06120|357|Jesus Peterson|78|25.5|2906.25|198.49|4.24|62.25|44.49
16S006|R07120|281|Marcia Neal|80.5|16.5|2736.5|197.1|2.24|61.85|43.66
16S006|E05813|99|Sue Riley|440|0|9900|735.42|18.41|230.77|163.28
16S006|L05796|27|Cindy Lunt|72|22|3202.52|224.52|3.35|66.86|49.95
16S006|X05782|19|Frank Diaz|67|0|1812.49|133.74|2.11|41.99|29.91
16S006|J05890|203|Helen Paul|217|0|13997.95|1015.55|6.13|171.1|19.35
16S006|T06330|380|Preston Robinson|42|0|882|58.4|0.86|18.34|14.28
16S006|J06178|375|Fannie Parks|10|0|239|18.31|0.07|5.73|3.93
16S008||||0|0|0|0|0|0|0
16S008|I07737|422|Afton Call|21|0|294|22.49|0.55|7.07|4.69
16S008|J06730|398|Mona Howard|31.5|0|472.5|34.01|1.55|10.67|7.75
16S008|Z06120|357|Jesus Peterson|88.5|0|2212.5|147.77|1.39|46.35|34.68
16S008|F06150|368|Cesar Greene|46.5|0|1139.25|75.71|1.01|23.77|18.64
16S008|R07120|281|Marcia Neal|15.5|0|403|28.98|0.37|9.09|6.34
16S008||||56.5|0|1299.5|81.4|1.53|25.52|21.25
16S008|V05852|133|Geneva Moody|37|0|1100.75|80.38|0.54|25.21|17.75
16S008|L05796|27|Cindy Lunt|41|7|1570.76|110.04|1.44|33.23|24.68
16S008|X05782|19|Frank Diaz|46|0|1242.72|91.49|1.6|28.74|20.54
16S008|L05916|259|Beulah Gibbs|81|0|2240.08|158.44|0.4|49.69|34.65
16S008|E05909|239|Clarence Padilla|0.5|0|11.75|0.91|0|0.28|0.03
16S008|E06077|352|Myra Vega|27|0|513|34.92|0.65|10.95|7.72
16S008|T06330|380|Preston Robinson|12.5|0|262.5|17.57|0.22|5.52|4.29
16S008|H05912|249|Cary Foster|54|0|2265.87|154.13|0.22|48.35|35.65
16S008SG|K07451|413|Lynette Alvarez|36|0|576|41.8|3.28|13.11|9.48
16S009||||0|0|0|0|0|0|0
16S009|I07737|422|Afton Call|16.5|0|231|17.69|0|5.55|3.81
16S009|J06730|398|Mona Howard|11.25|0|168.75|12.1|0.68|3.8|2.77
16S009|G05911|248|Jodi Powers|46.75|0|958.38|65.72|2.52|20.6|1.32
16S009|Z06120|357|Jesus Peterson|28.5|0|712.5|49.33|0.38|15.47|11.72
16S009|U05971|314|Marianne Baldwin|5|0|108.75|8.32|0|2.61|1.79
16S009|F06150|368|Cesar Greene|36|0|882|57.01|0.5|17.89|14.53
16S009|J05794|20|Ed Craig|33|0|953.19|64.52|0.46|13.8|2.65
16S009|R07120|281|Marcia Neal|44.5|0|1157|82.25|0.73|25.8|19.02
16S009||||10|0|230|16.71|0|5.24|3.79
16S009|V05852|133|Geneva Moody|52|0|1547|112.39|0.71|35.26|25.49
16S009|E05813|99|Sue Riley|32|0|720|53.32|0|16.72|11.83
16S009|L05796|27|Cindy Lunt|99|0|3019.5|205.56|0|46.78|49.64
16S009|X05782|19|Frank Diaz|95|0|2565|188.94|4.01|59.28|42.28
16S009|J05890|203|Helen Paul|38|0|2434.04|175.63|1.23|11.75|3.45
16S009|L05916|259|Beulah Gibbs|39|0|1043.26|77.07|0.55|24.17|17.2
16S009|X06430|18|Marty Barnes|10.25|0|205|14.04|0.13|4.39|0.27
16S009|E05909|239|Clarence Padilla|9.5|0|223.26|17.09|0.49|5.36|0.27
16S009|U05851|106|Allan Wood|28|0|667.59|48.66|0|15.25|0.96
16S009|E06077|352|Myra Vega|72|0|1368|86.26|6.77|27.06|22.63
16S009|T06330|380|Preston Robinson|20|0|420|27.18|1.44|8.53|6.93
16S009|H07736|421|Emma Goodwin|2|0|28|1.98|0|0.63|0.44
16S009|J06178|375|Fannie Parks|45|0|1066|81.55|1.38|25.59|17.58
16S009|M06109|38|Conrad Walker|26|0|1062.45|79.45|3.36|24.93|2.83
16S009|U06331|381|Frankie Mcdaniel|57|0|1233.18|78.7|0|24.7|3.44
16S009|K05795|25|Tami Luna|50|0|1237|91.58|0.07|28.75|1.74
16S009|H05912|249|Cary Foster|50|0|2043.27|145.39|1.83|34.67|33.67
16S010|I07737|422|Afton Call|16|0|224|17.12|0.67|5.38|3.69
16S010|J06730|398|Mona Howard|8|0|120|8.61|0.67|2.7|1.98
16S010|G05911|248|Jodi Powers|8|0|164|11.11|0.44|3.48|0.24
16S010|S06161|1|Antonio Torres|8|0|204.33|13.52|0|0|0.3
16S010|Z06120|357|Jesus Peterson|16|0|400|26.26|1.03|8.23|6.6
16S010|U05971|314|Marianne Baldwin|8|0|174|13.31|0|4.18|2.87
16S010|F06150|368|Cesar Greene|16|0|392|25.34|0.97|7.95|6.48
16S010|J05794|20|Ed Craig|16|0|443.57|30.01|1.23|4.91|0.89
16S010|R07120|281|Marcia Neal|16|0|416|29.75|1.17|9.33|6.78
16S010|R07624|417|William Casey|8|0|140.8|10.04|0.37|3.16|0.21
16S010||||16|0|368|25.83|1.1|8.11|6.08
16S010|V05852|133|Geneva Moody|16|0|476|34.54|1.35|10.84|7.86
16S010|E05813|99|Sue Riley|8|0|180|13.32|0.52|4.18|2.97
16S010|L05796|27|Cindy Lunt|16|0|488|33.44|1.3|8.09|8.06
16S010|X05782|19|Frank Diaz|16|0|432|31.78|1.25|9.98|7.12
16S010|J05890|203|Helen Paul|12|0|777.75|56.12|2.93|11.74|1.01
16S010|L05916|259|Beulah Gibbs|16|0|428|31.62|1.24|9.92|7.06
16S010|X06430|18|Marty Barnes|4|0|80|5.48|0|1.72|0.12
16S010|E05909|239|Clarence Padilla|8|0|188|14.39|0.56|4.5|0.22
16S010||||4|0|80|6.12|0.48|1.92|0.11
16S010|U05851|106|Allan Wood|4|0|168.57|12.12|0.95|3.8|0.21
16S010|E06077|352|Myra Vega|16|0|304|17.15|0.55|5.38|5.02
16S010|T06330|380|Preston Robinson|16|0|336|21.82|0.85|6.84|5.54
16S010|H07736|421|Emma Goodwin|8|0|116|8.26|0.33|2.58|1.89
16S010|J06178|375|Fannie Parks|16|0|368|28.16|1.06|8.83|6.08
16S010|M06109|38|Conrad Walker|12|0|490.36|36.66|1.92|7.67|1.32
16S010|U06739|399|Yvette Miller|16|0|346.16|26.48|1.04|8.3|0.95
16S010|U06331|381|Frankie Mcdaniel|16|0|346.16|22.08|0.87|6.94|0.95
16S010|K05795|25|Tami Luna|8|0|197.92|14.14|0.53|4.44|0.27
16S010|H05912|249|Cary Foster|16|0|653.84|46.52|1.82|7.3|10.79
16S010SG|K07451|413|Lynette Alvarez|8|0|128|9.07|0.71|2.85|2.11
16S011|I07737|422|Afton Call|16|0|224|17.14|0|5.38|3.69
16S011|U06739|399|Yvette Miller|16|0|346.16|26.48|2.08|8.31|0.56
16S012||||0|0|0|0|0|0|0
16S012|I07737|422|Afton Call|16|0|224|17.13|0.67|5.38|3.68
16S012|J06730|398|Mona Howard|16|0|240|17.17|0.67|5.39|3.95
16S012|F06150|368|Cesar Greene|8|0|196|12.88|0|4.04|3.23
16S012|R07120|281|Marcia Neal|8|0|208|14.87|1.17|4.66|3.44
16S012|R07624|417|William Casey|3.5|0|61.6|4.41|0.34|1.38|0.07
16S012|V05852|133|Geneva Moody|16|0|476|35.74|1.43|11.21|7.62
16S012|E05813|99|Sue Riley|4|0|90|6.66|0|2.09|1.48
16S012|X05782|19|Frank Diaz|8|0|216|15.89|0|4.99|3.55
16S012|L05916|259|Beulah Gibbs|13|0|347.75|26.11|0.96|8.19|5.73
16S012|X06430|18|Marty Barnes|8|0|160|11.6|0.48|3.64|0.22
16S012|T06330|380|Preston Robinson|8|0|168|10.97|0.86|3.44|2.78
16S012|H07736|421|Emma Goodwin|3|0|42|2.98|0.23|0.93|0.69
16S012|J06178|375|Fannie Parks|16|0|384|29.37|1.15|9.22|6.34
16S012|M06109|38|Conrad Walker|14|0|572.09|42.78|1.92|7.67|1.55
16S012|U06739|399|Yvette Miller|16|0|346.16|26.48|0|8.3|0.95
16S012|K05795|25|Tami Luna|6|0|146.61|11|0|3.45|0.21
