65,Electronics,Soylent,792.37,1
32,Electronics,Cyberdyne,765.08,2
3,Electronics,Umbrella,747.38,3
67,Electronics,Wayne,746.44,4
73,Electronics,Globex,723.68,5
5,Electronics,Wonka,720.60,6
53,Electronics,Stark,716.80,7
75,Electronics,Aperture,643.46,8
14,Electronics,Acme,630.63,9
50,Electronics,Acme,582.15,10
11,Electronics,Acme,572.74,11
63,Electronics,Aperture,504.07,12
28,Electronics,Hooli,491.54,13
77,Electronics,Wayne,473.12,14
9,Electronics,Stark,457.64,15
38,Electronics,Umbrella,430.63,16
15,Electronics,Globex,414.40,17
45,Electronics,Stark,390.19,18
40,Electronics,Hooli,388.94,19
51,Electronics,Wayne,380.03,20
62,Electronics,Globex,286.00,21
6,Electronics,Initech,282.68,22
18,Home,Soylent,268.21,23
24,Home,Umbrella,245.63,24
47,Home,Cyberdyne,243.41,25
2,Home,Soylent,234.71,26
61,Home,Wayne,232.69,27
35,Home,Aperture,228.50,28
60,Home,Globex,203.24,29
56,Apparel,Acme,197.44,30
58,Electronics,Globex,171.76,31
30,Home,Hooli,170.19,32
44,Electronics,Cyberdyne,168.39,33
70,Electronics,Wayne,164.84,34
57,Electronics,Stark,156.17,35
39,Home,Initech,151.70,36
10,Electronics,Globex,148.67,37
42,Electronics,Acme,145.51,38
20,Apparel,Wonka,142.19,39
16,Electronics,Initech,129.32,40
78,Home,Stark,124.01,41
23,Apparel,Acme,120.89,42
13,Home,Stark,117.87,43
54,Apparel,Stark,112.05,44
12,Electronics,Aperture,104.48,45
71,Apparel,Acme,84.56,46
37,Apparel,Wonka,84.53,47
17,Home,Umbrella,73.29,48
52,Apparel,Wonka,71.20,49
72,Apparel,Wayne,67.26,50
43,Home,Wayne,64.15,51
55,Apparel,Umbrella,63.92,52
22,Home,Soylent,62.93,53
27,Electronics,Soylent,60.04,54
26,Grocery,Acme,46.77,55
25,Grocery,Soylent,41.48,56
49,Grocery,Acme,37.88,57
79,Grocery,Vehement,36.67,58
69,Apparel,Wayne,36.56,59
33,Grocery,Cyberdyne,34.24,60
46,Grocery,Acme,32.14,61
74,Grocery,Soylent,32.13,62
59,Apparel,Umbrella,31.29,63
34,Grocery,Stark,28.49,64
4,Grocery,Hooli,26.25,65
66,Grocery,Globex,24.64,66
29,Home,Wonka,24.46,67
19,Apparel,Wonka,24.02,68
64,Apparel,Initech,19.85,69
48,Grocery,Vehement,19.78,70
21,Apparel,Initech,18.63,71
7,Grocery,Globex,17.78,72
80,Grocery,Hooli,14.09,73
76,Grocery,Wayne,13.93,74
31,Grocery,Soylent,13.87,75
1,Grocery,Umbrella,10.52,76
36,Grocery,Cyberdyne,8.55,77
41,Grocery,Initech,8.19,78
8,Grocery,Wonka,6.38,79
68,Grocery,Initech,5.19,80
