67,Electronics,Wayne,746.44,24,17914.56,1
73,Electronics,Globex,723.68,21,15197.28,2
75,Electronics,Aperture,643.46,23,14799.58,3
5,Electronics,Wonka,720.60,20,14412.00,4
65,Electronics,Soylent,792.37,18,14262.66,5
53,Electronics,Stark,716.80,19,13619.20,6
3,Electronics,Umbrella,747.38,18,13452.84,7
77,Electronics,Wayne,473.12,25,11828.00,8
9,Electronics,Stark,457.64,24,10983.36,9
11,Electronics,Acme,572.74,19,10882.06,10
14,Electronics,Acme,630.63,16,10090.08,11
32,Electronics,Cyberdyne,765.08,13,9946.04,12
50,Electronics,Acme,582.15,16,9314.40,13
38,Electronics,Umbrella,430.63,19,8181.97,14
15,Electronics,Globex,414.40,19,7873.60,15
51,Electronics,Wayne,380.03,20,7600.60,16
62,Electronics,Globex,286.00,26,7436.00,17
63,Electronics,Aperture,504.07,14,7056.98,18
40,Electronics,Hooli,388.94,18,7000.92,19
18,Home,Soylent,268.21,24,6437.04,20
28,Electronics,Hooli,491.54,12,5898.48,21
45,Electronics,Stark,390.19,15,5852.85,22
24,Home,Umbrella,245.63,23,5649.49,23
57,Electronics,Stark,156.17,34,5309.78,24
2,Home,Soylent,234.71,21,4928.91,25
60,Home,Globex,203.24,23,4674.52,26
6,Electronics,Initech,282.68,16,4522.88,27
47,Home,Cyberdyne,243.41,16,3894.56,28
35,Home,Aperture,228.50,17,3884.50,29
70,Electronics,Wayne,164.84,23,3791.32,30
61,Home,Wayne,232.69,15,3490.35,31
30,Home,Hooli,170.19,20,3403.80,32
20,Apparel,Wonka,142.19,21,2985.99,33
10,Electronics,Globex,148.67,19,2824.73,34
23,Apparel,Acme,120.89,22,2659.58,35
42,Electronics,Acme,145.51,18,2619.18,36
39,Home,Initech,151.70,16,2427.20,37
78,Home,Stark,124.01,18,2232.18,38
16,Electronics,Initech,129.32,16,2069.12,39
71,Apparel,Acme,84.56,24,2029.44,40
13,Home,Stark,117.87,17,2003.79,41
44,Electronics,Cyberdyne,168.39,11,1852.29,42
12,Electronics,Aperture,104.48,17,1776.16,43
37,Apparel,Wonka,84.53,21,1775.13,44
22,Home,Soylent,62.93,27,1699.11,45
54,Apparel,Stark,112.05,15,1680.75,46
55,Apparel,Umbrella,63.92,25,1598.00,47
52,Apparel,Wonka,71.20,21,1495.20,48
72,Apparel,Wayne,67.26,21,1412.46,49
17,Home,Umbrella,73.29,18,1319.22,50
43,Home,Wayne,64.15,20,1283.00,51
58,Electronics,Globex,171.76,7,1202.32,52
56,Apparel,Acme,197.44,6,1184.64,53
74,Grocery,Soylent,32.13,33,1060.29,54
27,Electronics,Soylent,60.04,14,840.56,55
79,Grocery,Vehement,36.67,21,770.07,56
49,Grocery,Acme,37.88,17,643.96,57
69,Apparel,Wayne,36.56,17,621.52,58
33,Grocery,Cyberdyne,34.24,18,616.32,59
66,Grocery,Globex,24.64,24,591.36,60
46,Grocery,Acme,32.14,18,578.52,61
59,Apparel,Umbrella,31.29,18,563.22,62
26,Grocery,Acme,46.77,11,514.47,63
48,Grocery,Vehement,19.78,24,474.72,64
34,Grocery,Stark,28.49,16,455.84,65
19,Apparel,Wonka,24.02,18,432.36,66
31,Grocery,Soylent,13.87,26,360.62,67
25,Grocery,Soylent,41.48,8,331.84,68
21,Apparel,Initech,18.63,16,298.08,69
4,Grocery,Hooli,26.25,11,288.75,70
64,Apparel,Initech,19.85,14,277.90,71
80,Grocery,Hooli,14.09,16,225.44,72
76,Grocery,Wayne,13.93,16,222.88,73
7,Grocery,Globex,17.78,12,213.36,74
41,Grocery,Initech,8.19,24,196.56,75
1,Grocery,Umbrella,10.52,15,157.80,76
68,Grocery,Initech,5.19,19,98.61,77
36,Grocery,Cyberdyne,8.55,10,85.50,78
8,Grocery,Wonka,6.38,11,70.18,79
29,Home,Wonka,24.46,2,48.92,80
